sale_id,sale_rep_id,sale_date,car_model,sale_amount,commission_pct,sale_status,commission_amount
1,16,2024-11-18,Tundra,44496.88,0.05,Completed,2224.844
2,11,2024-11-08,Tacoma,34824.72,,Pending,0.0
3,5,2024-11-03,Corolla,20275.08,,Completed,0.0
4,20,2024-11-06,Corolla,20068.93,,Completed,0.0
5,1,2024-11-26,Tundra,49811.99,0.03,Completed,1494.3597
6,14,2024-11-28,RAV4,34346.2,0.03,Completed,1030.386
7,12,2024-11-30,RAV4,33073.24,0.03,Completed,992.1972
8,3,2024-11-05,Camry,25561.86,,Completed,0.0
9,9,2024-11-25,RAV4,29690.54,0.03,Pending,890.7162
10,14,2024-11-09,Camry,27321.71,0.03,Completed,819.6513
11,12,2024-11-11,Highlander,40044.87,0.02,Completed,800.8974000000001
12,1,2024-11-23,Tundra,39427.38,0.05,Cancelled,1971.369
13,13,2024-11-08,Tundra,38598.58,0.02,Completed,771.9716000000001
14,2,2024-11-20,Tacoma,33043.74,0.02,Cancelled,660.8747999999999
15,18,2024-11-14,RAV4,28455.43,0.02,Pending,569.1086
16,16,2024-11-10,Corolla,24909.11,0.03,Completed,747.2733
17,1,2024-11-18,Camry,26676.29,,Pending,0.0
18,8,2024-11-02,RAV4,32751.81,,Completed,0.0
19,4,2024-11-26,RAV4,28992.27,,Completed,0.0
20,6,2024-11-10,Tacoma,35503.75,0.03,Completed,1065.1125
21,7,2024-11-06,Corolla,21674.58,0.03,Completed,650.2374
22,14,2024-11-21,RAV4,31273.79,0.05,Pending,1563.6895000000002
23,20,2024-11-23,Tacoma,31705.26,0.05,Pending,1585.263
24,1,2024-11-03,Corolla,24278.39,,Completed,0.0
25,1,2024-11-21,Corolla,20623.99,0.05,Completed,1031.1995000000002
26,13,2024-11-10,RAV4,27702.82,0.02,Completed,554.0564
27,7,2024-11-01,Tacoma,30218.18,0.03,Cancelled,906.5454
28,7,2024-11-12,Tundra,42215.27,0.02,Completed,844.3054
29,2,2024-11-19,RAV4,30624.47,,Completed,0.0
30,2,2024-11-20,RAV4,31643.54,,Completed,0.0
31,9,2024-11-14,Tundra,37537.14,0.03,Completed,1126.1142
32,2,2024-11-07,RAV4,32250.04,,Completed,0.0
33,13,2024-11-20,Tundra,41086.73,0.05,Completed,2054.3365000000003
34,12,2024-11-16,RAV4,29906.67,0.03,Completed,897.2000999999999
35,17,2024-11-04,RAV4,27682.03,0.05,Cancelled,1384.1015
36,7,2024-11-16,Highlander,37439.27,0.03,Completed,1123.1780999999999
37,7,2024-11-06,Corolla,21938.44,,Completed,0.0
38,9,2024-11-16,Corolla,24335.42,,Completed,0.0
39,17,2024-11-06,Corolla,22124.97,0.03,Completed,663.7491
40,10,2024-11-29,Tundra,47028.93,,Completed,0.0
41,19,2024-11-25,Highlander,43114.79,,Completed,0.0
42,19,2024-11-25,Corolla,24906.83,0.03,Completed,747.2049000000001
43,18,2024-11-27,RAV4,28881.36,0.03,Pending,866.4408
44,6,2024-11-07,Tundra,43055.49,0.05,Completed,2152.7745
45,14,2024-11-01,Camry,26362.15,,Completed,0.0
46,14,2024-11-05,Tundra,43660.86,0.03,Completed,1309.8258
47,15,2024-11-28,Tundra,48146.7,,Completed,0.0
48,19,2024-11-10,Highlander,39778.09,0.02,Completed,795.5618
49,5,2024-11-17,Tacoma,38639.78,0.02,Completed,772.7956
50,4,2024-11-29,Tundra,45564.26,0.05,Pending,2278.213
51,16,2024-11-10,RAV4,29984.94,0.05,Completed,1499.247
52,4,2024-11-07,Corolla,22260.1,0.03,Pending,667.8029999999999
53,10,2024-11-13,Tacoma,37559.48,0.02,Completed,751.1896
54,13,2024-11-23,Highlander,35594.89,0.05,Completed,1779.7445
55,14,2024-11-11,Tacoma,34812.88,,Completed,0.0
56,8,2024-11-21,Highlander,39603.9,,Completed,0.0
57,5,2024-11-21,Tundra,36071.88,0.05,Completed,1803.594
58,5,2024-11-10,Corolla,24715.44,,Cancelled,0.0
59,3,2024-11-03,RAV4,28362.26,,Completed,0.0
60,20,2024-11-09,Tundra,40145.75,0.03,Completed,1204.3725
61,5,2024-11-18,Tundra,45270.46,,Completed,0.0
62,13,2024-11-20,RAV4,28641.07,0.03,Completed,859.2321
63,15,2024-11-13,RAV4,29136.08,0.02,Pending,582.7216000000001
64,18,2024-11-20,Camry,26159.94,,Completed,0.0
65,19,2024-11-19,Corolla,20884.03,0.03,Pending,626.5209
66,6,2024-11-29,RAV4,29215.55,0.05,Completed,1460.7775000000001
67,19,2024-11-18,Tundra,41138.18,0.05,Completed,2056.909
68,3,2024-11-14,Highlander,43031.14,0.03,Completed,1290.9342
69,15,2024-11-08,Highlander,42275.25,0.02,Completed,845.505
70,11,2024-11-12,Camry,26260.96,0.02,Completed,525.2192
71,3,2024-11-19,Tacoma,34777.55,0.02,Completed,695.551
72,17,2024-11-05,Highlander,43381.39,0.05,Pending,2169.0695
73,5,2024-11-30,Tacoma,33284.96,0.05,Completed,1664.248
74,15,2024-11-12,Highlander,41785.15,0.05,Completed,2089.2575
75,4,2024-11-09,Highlander,39518.9,0.03,Completed,1185.567
76,2,2024-11-05,Corolla,21450.56,0.03,Completed,643.5168
77,13,2024-11-13,Camry,28313.68,0.03,Pending,849.4104
78,17,2024-11-05,Camry,29492.73,0.02,Pending,589.8546
79,5,2024-11-22,Tacoma,30223.69,0.05,Completed,1511.1845
80,9,2024-11-21,RAV4,30866.96,0.05,Cancelled,1543.348
81,20,2024-11-11,Tundra,42758.21,0.05,Completed,2137.9105
82,19,2024-11-27,Tacoma,35584.2,0.05,Pending,1779.21
83,14,2024-11-11,Highlander,42649.44,,Pending,0.0
84,5,2024-11-17,Tacoma,39894.06,,Completed,0.0
85,18,2024-11-12,Tacoma,39089.41,0.02,Completed,781.7882000000001
86,7,2024-11-12,Tundra,49517.59,,Cancelled,0.0
87,19,2024-11-18,RAV4,33610.01,0.03,Completed,1008.3003
88,8,2024-11-04,Tacoma,34140.12,,Completed,0.0
89,9,2024-11-08,Highlander,40059.49,0.02,Cancelled,801.1898
90,17,2024-11-10,Camry,28320.6,0.02,Completed,566.412
91,4,2024-11-16,RAV4,27570.51,0.05,Completed,1378.5255
92,11,2024-11-17,Tundra,41604.28,0.02,Completed,832.0856
93,4,2024-11-13,Camry,29643.38,0.03,Completed,889.3014
94,9,2024-11-22,RAV4,31095.34,,Pending,0.0
95,9,2024-11-16,Camry,25753.83,0.05,Completed,1287.6915000000001
96,16,2024-11-17,Highlander,44498.46,0.03,Completed,1334.9538
97,6,2024-11-23,Highlander,41994.79,,Completed,0.0
98,1,2024-11-07,Tacoma,31378.09,0.02,Completed,627.5618000000001
99,1,2024-11-04,Tundra,39879.41,0.02,Completed,797.5882000000001
100,16,2024-11-20,Camry,25962.56,0.02,Completed,519.2512
101,7,2024-11-13,RAV4,32219.86,0.03,Pending,966.5957999999999
102,2,2024-11-01,Tacoma,36531.02,,Completed,0.0
103,6,2024-11-04,Highlander,39423.27,0.02,Cancelled,788.4653999999999
104,13,2024-11-01,Highlander,38543.89,0.05,Completed,1927.1945
105,2,2024-11-12,Tacoma,34122.47,,Completed,0.0
106,13,2024-11-02,Tacoma,39453.45,0.03,Completed,1183.6035
107,12,2024-11-09,Tacoma,39783.31,,Completed,0.0
108,15,2024-11-02,Camry,29272.05,0.02,Completed,585.441
109,9,2024-11-20,Tundra,49740.82,0.03,Completed,1492.2246
110,2,2024-11-06,Highlander,37539.94,0.03,Completed,1126.1982
111,14,2024-11-04,RAV4,32369.5,0.05,Completed,1618.4750000000001
112,15,2024-11-13,Corolla,23462.78,,Completed,0.0
113,12,2024-11-21,Corolla,23337.92,0.05,Pending,1166.896
114,15,2024-11-13,RAV4,32588.93,0.05,Pending,1629.4465
115,17,2024-11-12,Highlander,40136.52,,Completed,0.0
116,3,2024-11-30,Tundra,45031.33,0.05,Completed,2251.5665000000004
117,3,2024-11-03,RAV4,30514.65,0.02,Completed,610.293
118,6,2024-11-11,Tacoma,33363.87,0.02,Pending,667.2774000000001
119,14,2024-11-18,Tacoma,38880.67,0.03,Pending,1166.4200999999998
120,11,2024-11-05,Tacoma,30601.62,0.03,Completed,918.0486
121,9,2024-11-29,Tundra,38943.11,,Completed,0.0
122,3,2024-11-23,Tundra,39229.17,0.02,Completed,784.5834
123,8,2024-11-01,Highlander,40575.11,0.02,Completed,811.5022
124,16,2024-11-10,Corolla,24406.89,0.02,Completed,488.13779999999997
125,4,2024-11-20,Highlander,42013.85,,Completed,0.0
126,5,2024-11-11,Highlander,36509.85,,Completed,0.0
127,18,2024-11-03,Camry,29966.2,0.05,Completed,1498.3100000000002
128,19,2024-11-24,Tacoma,32581.98,,Pending,0.0
129,6,2024-11-18,Tacoma,38842.88,0.05,Completed,1942.144
130,15,2024-11-18,RAV4,28943.6,,Completed,0.0
131,1,2024-11-09,Camry,25252.56,0.05,Completed,1262.6280000000002
132,8,2024-11-06,Tacoma,37307.8,0.02,Completed,746.1560000000001
133,9,2024-11-14,Tacoma,31007.88,0.02,Completed,620.1576
134,16,2024-11-24,RAV4,34922.1,0.05,Completed,1746.105
135,18,2024-11-25,Tacoma,35290.89,,Completed,0.0
136,19,2024-11-06,Corolla,20623.96,0.05,Completed,1031.198
137,1,2024-11-17,Tundra,41883.61,0.02,Completed,837.6722
138,4,2024-11-16,RAV4,34275.87,0.03,Completed,1028.2761
139,15,2024-11-27,RAV4,27721.47,0.05,Pending,1386.0735000000002
140,9,2024-11-10,Tundra,47151.69,,Completed,0.0
141,1,2024-11-20,Tacoma,33826.62,0.02,Completed,676.5324
142,4,2024-11-29,Tundra,44231.11,0.05,Completed,2211.5555
143,14,2024-11-17,Camry,26872.03,0.05,Completed,1343.6015
144,13,2024-11-25,Corolla,20845.5,0.03,Pending,625.365
145,18,2024-11-07,Camry,27806.57,0.05,Completed,1390.3285
146,8,2024-11-01,Highlander,43146.67,0.05,Completed,2157.3335
147,12,2024-11-24,RAV4,33066.4,0.02,Completed,661.3280000000001
148,12,2024-11-07,RAV4,27872.31,0.02,Pending,557.4462000000001
149,7,2024-11-18,Tacoma,37076.19,,Pending,0.0
150,1,2024-11-09,Corolla,24432.4,0.02,Completed,488.648
151,2,2024-11-24,Highlander,40278.82,,Completed,0.0
152,16,2024-11-30,Highlander,37248.17,0.05,Completed,1862.4085
153,20,2024-11-03,Highlander,37734.38,0.05,Completed,1886.719
154,20,2024-11-01,RAV4,27486.46,,Completed,0.0
155,12,2024-11-12,Highlander,40324.3,0.02,Completed,806.4860000000001
156,13,2024-11-07,Highlander,38807.13,0.02,Completed,776.1426
157,9,2024-11-09,Highlander,35171.35,,Completed,0.0
158,10,2024-11-24,Corolla,24909.72,,Completed,0.0
159,13,2024-11-01,Tundra,37550.39,0.02,Completed,751.0078
160,3,2024-11-06,Camry,27221.08,0.05,Pending,1361.054
161,13,2024-11-29,Camry,29089.35,0.02,Completed,581.787
162,12,2024-11-21,Highlander,37316.35,0.02,Completed,746.327
163,18,2024-11-13,Camry,28167.24,,Completed,0.0
164,15,2024-11-17,Camry,25177.34,0.03,Completed,755.3202
165,16,2024-11-17,Tacoma,39988.91,0.02,Completed,799.7782000000001
166,7,2024-11-03,RAV4,33404.57,0.02,Completed,668.0914
167,16,2024-11-28,Camry,28485.02,0.02,Completed,569.7004000000001
168,3,2024-11-07,Tacoma,38039.59,0.05,Pending,1901.9795
169,5,2024-11-09,Highlander,42278.65,0.05,Pending,2113.9325000000003
170,7,2024-11-17,Corolla,23253.52,0.05,Pending,1162.6760000000002
171,3,2024-11-07,Tacoma,35746.18,0.02,Completed,714.9236
172,6,2024-11-07,Tacoma,30713.38,0.02,Completed,614.2676
173,4,2024-11-23,RAV4,28278.86,0.05,Completed,1413.9430000000002
174,18,2024-11-29,Corolla,22339.72,0.03,Pending,670.1916
175,14,2024-11-26,Tundra,46076.94,0.02,Completed,921.5388
176,12,2024-11-25,Tundra,44617.16,,Completed,0.0
177,2,2024-11-26,Corolla,21893.84,,Completed,0.0
178,14,2024-11-01,RAV4,29085.6,0.02,Completed,581.712
179,7,2024-11-15,Tundra,47161.39,0.05,Completed,2358.0695
180,15,2024-11-30,Tundra,46570.68,0.02,Completed,931.4136
181,14,2024-11-11,Highlander,44884.5,,Pending,0.0
182,8,2024-11-24,Camry,25608.73,0.05,Completed,1280.4365
183,7,2024-11-22,Corolla,22867.53,,Pending,0.0
184,9,2024-11-05,RAV4,34768.49,0.02,Completed,695.3697999999999
185,2,2024-11-13,Tundra,40320.53,0.05,Completed,2016.0265
186,7,2024-11-12,RAV4,34713.48,0.02,Completed,694.2696000000001
187,4,2024-11-08,Camry,26224.6,,Completed,0.0
188,15,2024-11-21,Tundra,44773.12,0.03,Completed,1343.1936
189,15,2024-11-03,Corolla,21735.5,,Completed,0.0
190,1,2024-11-21,Tundra,49737.34,0.05,Pending,2486.867
191,17,2024-11-17,Tundra,39483.74,0.02,Completed,789.6748
192,19,2024-11-03,Highlander,44105.14,0.03,Completed,1323.1542
193,20,2024-11-04,Tacoma,32887.14,0.02,Completed,657.7428
194,11,2024-11-11,Tundra,40343.46,,Completed,0.0
195,17,2024-11-06,Highlander,37005.28,0.02,Completed,740.1056
196,11,2024-11-09,RAV4,29093.11,,Completed,0.0
197,17,2024-11-08,RAV4,28611.77,0.03,Completed,858.3530999999999
198,3,2024-11-09,Camry,25062.95,,Completed,0.0
199,6,2024-11-17,Corolla,23423.36,0.02,Completed,468.46720000000005
200,13,2024-11-24,Corolla,24257.34,0.02,Pending,485.1468
201,9,2024-11-10,Camry,26339.37,,Cancelled,0.0
202,20,2024-11-11,Highlander,40517.24,0.03,Completed,1215.5172
203,19,2024-11-18,RAV4,34245.12,0.03,Completed,1027.3536000000001
204,5,2024-11-01,RAV4,34529.56,0.03,Completed,1035.8868
205,13,2024-11-21,RAV4,34392.53,0.05,Pending,1719.6265
206,18,2024-11-17,Tacoma,39783.43,0.02,Completed,795.6686
207,5,2024-11-28,Highlander,35552.15,0.05,Completed,1777.6075
208,7,2024-11-12,Camry,26861.98,,Pending,0.0
209,1,2024-11-01,Corolla,24676.47,0.02,Completed,493.5294
210,1,2024-11-22,RAV4,30120.17,,Completed,0.0
211,13,2024-11-24,Corolla,21446.76,0.03,Pending,643.4028
212,11,2024-11-09,Corolla,20061.03,,Completed,0.0
213,19,2024-11-16,Highlander,36134.49,0.03,Completed,1084.0347
214,19,2024-11-16,Camry,25571.72,0.05,Completed,1278.5860000000002
215,6,2024-11-02,RAV4,34934.48,0.05,Completed,1746.7240000000002
216,14,2024-11-25,Corolla,23870.01,0.03,Completed,716.1003
217,11,2024-11-15,Camry,26279.43,0.05,Pending,1313.9715
218,5,2024-11-25,Tundra,47154.92,0.02,Pending,943.0984
219,6,2024-11-08,Tacoma,30713.59,0.05,Completed,1535.6795000000002
220,19,2024-11-09,RAV4,29764.59,0.03,Completed,892.9377
221,19,2024-11-02,Highlander,42548.21,0.02,Completed,850.9642
222,16,2024-11-27,Camry,28490.24,0.03,Completed,854.7072000000001
223,1,2024-11-22,RAV4,32885.28,0.03,Completed,986.5583999999999
224,18,2024-11-06,Camry,25823.75,0.05,Completed,1291.1875
225,5,2024-11-04,Camry,26318.24,0.03,Completed,789.5472
226,5,2024-11-05,Tundra,38123.75,0.03,Completed,1143.7124999999999
227,9,2024-11-08,Tundra,44114.64,0.03,Completed,1323.4392
228,16,2024-11-03,Tundra,38618.35,0.05,Completed,1930.9175
229,18,2024-11-25,RAV4,31903.99,0.03,Cancelled,957.1197
230,18,2024-11-27,RAV4,34502.79,,Completed,0.0
231,20,2024-11-06,Corolla,21743.68,0.05,Completed,1087.184
232,2,2024-11-22,Tacoma,37011.28,,Completed,0.0
233,10,2024-11-25,RAV4,28467.32,0.03,Cancelled,854.0196
234,8,2024-11-05,Camry,26532.61,0.02,Pending,530.6522
235,15,2024-11-24,Tacoma,36918.52,0.03,Completed,1107.5556
236,10,2024-11-06,Highlander,36631.91,0.03,Completed,1098.9573
237,18,2024-11-08,Highlander,37386.0,0.05,Pending,1869.3000000000002
238,18,2024-11-29,Tacoma,35032.53,0.02,Cancelled,700.6505999999999
239,18,2024-11-17,Tundra,36653.13,0.02,Completed,733.0626
240,19,2024-11-06,Tundra,45814.43,0.03,Completed,1374.4329
241,13,2024-11-27,RAV4,27453.76,0.02,Completed,549.0752
242,8,2024-11-28,Camry,28186.95,0.02,Completed,563.739
243,7,2024-11-18,Camry,28135.63,,Completed,0.0
244,4,2024-11-03,Corolla,20819.19,0.05,Cancelled,1040.9595
245,17,2024-11-03,Tacoma,31272.95,,Cancelled,0.0
246,7,2024-11-20,RAV4,34313.24,0.03,Pending,1029.3971999999999
247,11,2024-11-15,Tundra,37644.87,,Completed,0.0
248,9,2024-11-16,Highlander,36228.51,0.02,Completed,724.5702
249,20,2024-11-20,Highlander,40192.98,0.03,Cancelled,1205.7894000000001
250,8,2024-11-07,Tundra,36459.0,0.05,Completed,1822.95
251,5,2024-11-19,Camry,25337.88,,Pending,0.0
252,5,2024-11-07,Highlander,39843.79,,Completed,0.0
253,16,2024-11-04,Highlander,39673.91,0.05,Completed,1983.6955000000003
254,4,2024-11-01,Corolla,22774.52,0.05,Pending,1138.726
255,12,2024-11-11,Tacoma,32265.92,0.03,Completed,967.9775999999999
256,10,2024-11-25,Tacoma,37248.8,,Cancelled,0.0
257,13,2024-11-28,Tundra,37464.06,0.02,Pending,749.2812
258,4,2024-11-08,Highlander,41486.53,0.05,Completed,2074.3265
259,13,2024-11-18,Corolla,23883.81,0.02,Completed,477.67620000000005
260,3,2024-11-12,Tacoma,32836.22,0.05,Pending,1641.8110000000001
261,16,2024-11-05,RAV4,28269.26,0.03,Completed,848.0777999999999
262,18,2024-11-28,Camry,27260.14,0.02,Completed,545.2028
263,9,2024-11-04,Corolla,24503.6,0.02,Completed,490.072
264,2,2024-11-01,RAV4,30908.43,0.03,Cancelled,927.2529
265,1,2024-11-11,Camry,27859.25,0.05,Pending,1392.9625
266,1,2024-11-16,Camry,27149.79,0.05,Completed,1357.4895000000001
267,17,2024-11-03,Highlander,39848.63,0.03,Pending,1195.4588999999999
268,12,2024-11-14,Tacoma,31282.83,,Completed,0.0
269,7,2024-11-05,Tundra,43696.05,,Completed,0.0
270,18,2024-11-28,Highlander,38860.12,,Completed,0.0
271,7,2024-11-07,Tundra,40804.49,,Pending,0.0
272,12,2024-11-26,Tundra,38834.22,0.05,Pending,1941.7110000000002
273,16,2024-11-05,Corolla,22342.83,0.03,Completed,670.2849
274,13,2024-11-26,Corolla,21767.94,0.03,Cancelled,653.0382
275,6,2024-11-15,Highlander,36912.34,0.03,Completed,1107.3701999999998
276,5,2024-11-13,RAV4,28759.16,0.05,Cancelled,1437.958
277,13,2024-11-27,Highlander,35490.42,0.02,Completed,709.8084
278,12,2024-11-11,Tundra,38050.09,0.03,Pending,1141.5026999999998
279,12,2024-11-19,Tundra,44526.38,,Cancelled,0.0
280,17,2024-11-14,RAV4,28874.81,0.02,Completed,577.4962
281,20,2024-11-21,Camry,28602.23,,Completed,0.0
282,10,2024-11-14,Camry,27047.1,0.03,Cancelled,811.4129999999999
283,3,2024-11-07,RAV4,31473.95,0.03,Completed,944.2185
284,2,2024-11-24,Camry,29369.06,0.03,Completed,881.0718
285,20,2024-11-07,Camry,29126.61,0.03,Pending,873.7983
286,5,2024-11-04,Tacoma,36896.69,0.02,Pending,737.9338
287,2,2024-11-10,Tundra,46201.8,0.05,Completed,2310.09
288,18,2024-11-03,Corolla,22505.36,,Completed,0.0
289,6,2024-11-17,Highlander,35377.24,0.05,Completed,1768.862
290,13,2024-11-10,Highlander,35102.56,0.05,Completed,1755.128
291,9,2024-11-29,Tacoma,32373.84,0.03,Completed,971.2152
292,20,2024-11-30,Tacoma,34857.95,,Completed,0.0
293,18,2024-11-25,Tundra,47441.45,0.05,Completed,2372.0724999999998
294,5,2024-11-23,Tundra,46590.04,0.05,Completed,2329.502
295,9,2024-11-12,Corolla,20650.94,0.05,Completed,1032.547
296,10,2024-11-08,Camry,28082.83,,Completed,0.0
297,7,2024-11-07,Corolla,20673.95,0.03,Completed,620.2185
298,14,2024-11-17,Tundra,39871.64,0.03,Completed,1196.1491999999998
299,18,2024-11-26,Tacoma,37510.47,0.05,Completed,1875.5235000000002
300,20,2024-11-13,Tundra,38715.73,0.03,Pending,1161.4719
301,2,2024-11-15,Camry,26249.79,,Cancelled,0.0
302,18,2024-11-01,Tundra,46279.17,0.03,Completed,1388.3751
303,15,2024-11-17,Corolla,20934.3,,Completed,0.0
304,9,2024-11-17,RAV4,28249.37,,Completed,0.0
305,16,2024-11-14,RAV4,32867.17,0.05,Completed,1643.3585
306,18,2024-11-01,Camry,28615.36,0.03,Completed,858.4608
307,11,2024-11-20,Corolla,24122.61,0.05,Pending,1206.1305
308,11,2024-11-23,Tacoma,31624.59,0.02,Completed,632.4918
309,7,2024-11-22,Highlander,40464.02,0.02,Completed,809.2804
310,16,2024-11-22,Camry,26255.85,0.03,Completed,787.6754999999999
311,13,2024-11-19,Highlander,37850.05,,Completed,0.0
312,16,2024-11-08,Tundra,43059.02,,Pending,0.0
313,15,2024-11-29,RAV4,30728.09,0.03,Completed,921.8426999999999
314,14,2024-11-03,RAV4,31413.99,0.03,Completed,942.4197
315,13,2024-11-13,Tundra,38464.44,,Completed,0.0
316,4,2024-11-15,Corolla,21403.33,0.05,Completed,1070.1665
317,1,2024-11-01,Camry,27690.66,0.03,Completed,830.7198
318,7,2024-11-28,Corolla,21924.79,,Completed,0.0
319,3,2024-11-06,Camry,25691.32,0.03,Pending,770.7396
320,16,2024-11-06,RAV4,29824.95,0.02,Completed,596.499
321,16,2024-11-25,RAV4,31356.77,,Completed,0.0
322,8,2024-11-01,RAV4,30599.11,0.03,Pending,917.9733
323,2,2024-11-16,Camry,26185.46,0.02,Completed,523.7092
324,5,2024-11-04,Tundra,35537.56,0.05,Completed,1776.878
325,17,2024-11-20,Camry,28876.66,,Completed,0.0
326,1,2024-11-30,Tacoma,32891.35,0.05,Completed,1644.5675
327,1,2024-11-03,Tacoma,34087.87,0.03,Completed,1022.6361
328,19,2024-11-19,Camry,29396.94,0.02,Completed,587.9388
329,20,2024-11-27,Camry,28098.65,0.02,Cancelled,561.9730000000001
330,13,2024-11-25,Corolla,22461.18,0.05,Completed,1123.059
331,2,2024-11-24,RAV4,30649.25,0.05,Completed,1532.4625
332,5,2024-11-04,Corolla,22610.35,0.05,Cancelled,1130.5175
333,10,2024-11-27,Highlander,39226.76,,Completed,0.0
334,10,2024-11-24,Highlander,44005.39,0.05,Completed,2200.2695
335,11,2024-11-27,Tundra,38484.02,,Completed,0.0
336,14,2024-11-12,RAV4,29914.81,0.05,Completed,1495.7405
337,3,2024-11-02,Camry,25974.81,0.05,Completed,1298.7405
338,14,2024-11-07,RAV4,34233.94,0.02,Completed,684.6788
339,3,2024-11-24,Tundra,38094.66,,Completed,0.0
340,17,2024-11-26,Corolla,24043.66,0.03,Pending,721.3098
341,1,2024-11-16,Tacoma,37297.04,,Pending,0.0
342,13,2024-11-15,Highlander,43981.88,0.02,Completed,879.6376
343,17,2024-11-02,Tundra,45023.27,,Completed,0.0
344,19,2024-11-05,Tundra,46840.11,0.02,Cancelled,936.8022000000001
345,5,2024-11-17,Tacoma,37840.9,0.03,Completed,1135.227
346,1,2024-11-24,Camry,29794.24,,Completed,0.0
347,16,2024-11-03,RAV4,28217.91,0.05,Completed,1410.8955
348,11,2024-11-19,Corolla,23262.14,0.03,Pending,697.8642
349,17,2024-11-01,Tundra,41372.43,0.02,Completed,827.4486
350,11,2024-11-16,Tundra,46508.16,0.02,Completed,930.1632000000001
351,4,2024-11-25,Highlander,44875.86,0.05,Pending,2243.793
352,7,2024-11-30,Corolla,20570.36,0.03,Completed,617.1108
353,8,2024-11-30,Tundra,44104.05,,Completed,0.0
354,20,2024-11-10,RAV4,30945.82,0.05,Pending,1547.2910000000002
355,12,2024-11-29,Corolla,23802.38,,Completed,0.0
356,6,2024-11-25,RAV4,30624.81,,Completed,0.0
357,6,2024-11-02,Highlander,39038.15,0.03,Completed,1171.1445
358,2,2024-11-05,Camry,27614.79,0.02,Completed,552.2958
359,8,2024-11-08,Camry,28601.82,0.02,Completed,572.0364
360,7,2024-11-10,Highlander,42534.37,,Completed,0.0
361,10,2024-11-15,Tacoma,30311.02,0.02,Completed,606.2204
362,16,2024-11-20,Camry,26639.27,,Cancelled,0.0
363,19,2024-11-01,Highlander,41342.23,0.03,Completed,1240.2669
364,13,2024-11-03,RAV4,34773.59,,Completed,0.0
365,15,2024-11-10,RAV4,32362.2,,Completed,0.0
366,4,2024-11-21,Corolla,20653.68,,Pending,0.0
367,1,2024-11-11,RAV4,28045.56,,Pending,0.0
368,3,2024-11-14,Highlander,44654.76,0.03,Cancelled,1339.6428
369,16,2024-11-05,Tacoma,30979.28,0.03,Completed,929.3783999999999
370,7,2024-11-29,Tundra,49575.74,0.05,Completed,2478.7870000000003
371,5,2024-11-29,Corolla,24471.39,0.03,Pending,734.1416999999999
372,9,2024-11-12,Highlander,36673.33,,Completed,0.0
373,6,2024-11-10,Tundra,39627.55,0.02,Completed,792.551
374,14,2024-11-26,Tacoma,31277.99,0.05,Cancelled,1563.8995000000002
375,17,2024-11-06,Corolla,20834.22,0.05,Pending,1041.711
376,18,2024-11-22,Camry,28589.0,,Completed,0.0
377,1,2024-11-05,Corolla,21851.68,,Cancelled,0.0
378,13,2024-11-17,Tacoma,31899.81,,Completed,0.0
379,14,2024-11-26,Tundra,49650.97,,Completed,0.0
380,12,2024-11-11,RAV4,28704.3,0.02,Completed,574.086
381,13,2024-11-26,RAV4,30057.58,0.02,Pending,601.1516
382,9,2024-11-14,Tacoma,30199.92,0.03,Completed,905.9975999999999
383,10,2024-11-27,Tacoma,31640.64,0.05,Completed,1582.0320000000002
384,10,2024-11-22,Corolla,21228.73,0.05,Completed,1061.4365
385,10,2024-11-20,Tacoma,31838.0,0.02,Completed,636.76
386,5,2024-11-13,Camry,27853.75,,Completed,0.0
387,19,2024-11-18,RAV4,30035.32,0.02,Completed,600.7064
388,17,2024-11-28,Highlander,36881.13,,Completed,0.0
389,13,2024-11-30,RAV4,28363.0,0.03,Pending,850.89
390,16,2024-11-16,Tundra,48109.6,0.03,Completed,1443.288
391,14,2024-11-13,Camry,25777.56,0.03,Completed,773.3268
392,15,2024-11-28,Tacoma,30337.74,,Completed,0.0
393,20,2024-11-16,Camry,28033.91,0.05,Completed,1401.6955
394,11,2024-11-25,Camry,26488.68,0.02,Completed,529.7736
395,9,2024-11-08,Corolla,20122.84,0.02,Completed,402.4568
396,11,2024-11-18,Highlander,36156.36,0.03,Cancelled,1084.6908
397,6,2024-11-04,Corolla,21351.34,,Pending,0.0
398,3,2024-11-24,Tundra,48565.64,0.03,Completed,1456.9692
399,15,2024-11-12,Highlander,42981.01,,Completed,0.0
400,17,2024-11-18,Corolla,21446.28,,Completed,0.0
401,20,2024-11-08,Tacoma,37829.94,0.03,Completed,1134.8982
402,15,2024-11-21,Corolla,22046.96,0.02,Pending,440.93919999999997
403,2,2024-11-03,Highlander,43701.27,0.05,Completed,2185.0634999999997
404,5,2024-11-12,Corolla,20220.42,0.05,Pending,1011.021
405,4,2024-11-11,RAV4,34218.51,0.05,Completed,1710.9255000000003
406,12,2024-11-10,RAV4,29097.99,0.05,Completed,1454.8995000000002
407,13,2024-11-23,Tundra,43416.42,0.05,Cancelled,2170.821
408,14,2024-11-27,Corolla,24734.71,0.05,Pending,1236.7355
409,11,2024-11-24,Highlander,37042.88,,Completed,0.0
410,20,2024-11-07,Camry,25476.86,0.03,Pending,764.3058
411,8,2024-11-09,Highlander,44068.57,0.02,Completed,881.3714
412,18,2024-11-18,Camry,25346.24,0.03,Completed,760.3872
413,14,2024-11-14,Tacoma,32734.65,,Completed,0.0
414,13,2024-11-13,Camry,27283.72,,Cancelled,0.0
415,16,2024-11-05,Tundra,43993.7,0.03,Completed,1319.811
416,15,2024-11-01,Highlander,44800.11,0.02,Completed,896.0022
417,17,2024-11-11,Camry,27157.44,0.05,Pending,1357.872
418,19,2024-11-29,Tundra,44339.69,0.05,Completed,2216.9845
419,16,2024-11-27,Corolla,20819.3,0.05,Pending,1040.965
420,18,2024-11-08,Highlander,44552.62,0.02,Pending,891.0524
421,3,2024-11-14,Camry,26006.8,0.02,Cancelled,520.136
422,15,2024-11-02,Tundra,37808.1,,Completed,0.0
423,16,2024-11-21,Tacoma,36373.49,0.05,Completed,1818.6745
424,19,2024-11-22,Tundra,44047.71,0.02,Completed,880.9542
425,8,2024-11-25,Tundra,42135.47,,Completed,0.0
426,6,2024-11-23,Tacoma,37003.41,0.02,Completed,740.0682
427,15,2024-11-03,Highlander,35438.81,,Completed,0.0
428,19,2024-11-24,Highlander,36963.06,0.02,Completed,739.2611999999999
429,11,2024-11-14,Highlander,39247.84,0.03,Completed,1177.4352
430,7,2024-11-22,Camry,29701.79,,Completed,0.0
431,6,2024-11-28,Corolla,21075.69,0.02,Completed,421.5138
432,14,2024-11-08,Tundra,43648.61,,Completed,0.0
433,3,2024-11-11,Camry,25833.73,0.05,Pending,1291.6865
434,18,2024-11-26,Highlander,37722.41,0.03,Cancelled,1131.6723
435,18,2024-11-22,Tundra,38327.47,,Completed,0.0
436,18,2024-11-09,Tacoma,33906.75,0.05,Pending,1695.3375
437,16,2024-11-24,Camry,25718.26,0.02,Completed,514.3652
438,15,2024-11-16,Camry,26302.8,0.05,Completed,1315.14
439,15,2024-11-22,Tacoma,39299.37,,Cancelled,0.0
440,16,2024-11-15,Highlander,44152.25,0.05,Completed,2207.6125
441,4,2024-11-22,Tundra,39050.36,0.03,Completed,1171.5108
442,10,2024-11-26,Corolla,23398.26,,Cancelled,0.0
443,17,2024-11-12,Corolla,23343.6,0.02,Completed,466.87199999999996
444,4,2024-11-02,Tacoma,30788.04,,Completed,0.0
445,11,2024-11-15,Tacoma,32818.65,0.05,Completed,1640.9325000000001
446,4,2024-11-07,Camry,27725.56,0.05,Completed,1386.2780000000002
447,3,2024-11-08,Tacoma,33633.6,0.03,Completed,1009.0079999999999
448,12,2024-11-30,RAV4,30809.85,0.05,Completed,1540.4925
449,3,2024-11-04,Tundra,40037.02,,Completed,0.0
450,7,2024-11-13,Corolla,22357.07,0.02,Pending,447.1414
451,18,2024-11-22,Corolla,20658.05,0.03,Pending,619.7415
452,9,2024-11-10,Tundra,39935.81,,Completed,0.0
453,8,2024-11-04,Corolla,24441.44,0.03,Completed,733.2431999999999
454,7,2024-11-13,RAV4,30088.23,0.05,Completed,1504.4115000000002
455,19,2024-11-07,Tundra,44740.08,,Completed,0.0
456,12,2024-11-13,Highlander,35271.04,0.02,Completed,705.4208
457,17,2024-11-28,Corolla,22503.61,0.05,Completed,1125.1805000000002
458,2,2024-11-28,Camry,26357.1,,Completed,0.0
459,9,2024-11-21,RAV4,32405.33,0.05,Completed,1620.2665000000002
460,7,2024-11-07,Highlander,35909.31,,Completed,0.0
461,10,2024-11-27,Corolla,20492.73,,Completed,0.0
462,7,2024-11-25,Tundra,46749.13,0.03,Completed,1402.4739
463,9,2024-11-06,RAV4,32766.24,0.02,Completed,655.3248000000001
464,8,2024-11-18,RAV4,33455.45,0.02,Completed,669.1089999999999
465,19,2024-11-25,Corolla,24663.43,0.05,Completed,1233.1715000000002
466,7,2024-11-09,Tundra,47301.53,0.02,Completed,946.0306
467,20,2024-11-21,Camry,28218.31,0.05,Pending,1410.9155
468,13,2024-11-24,Highlander,44501.23,0.02,Completed,890.0246000000001
469,16,2024-11-20,RAV4,30354.53,0.05,Completed,1517.7265
470,19,2024-11-08,RAV4,27053.26,0.02,Completed,541.0652
471,2,2024-11-29,Tundra,47548.58,0.05,Completed,2377.429
472,2,2024-11-16,Camry,28831.14,0.02,Completed,576.6228
473,19,2024-11-17,RAV4,32882.98,0.02,Pending,657.6596000000001
474,8,2024-11-26,Highlander,41919.45,0.05,Completed,2095.9725
475,8,2024-11-11,Camry,29863.49,0.05,Completed,1493.1745
476,3,2024-11-18,Tacoma,39473.2,0.02,Completed,789.4639999999999
477,6,2024-11-09,Tundra,47350.62,,Completed,0.0
478,7,2024-11-05,RAV4,33991.43,0.05,Completed,1699.5715
479,19,2024-11-11,Corolla,24608.47,0.03,Completed,738.2541
480,6,2024-11-17,Tacoma,38254.2,0.03,Pending,1147.626
481,17,2024-11-03,Corolla,20595.92,0.02,Completed,411.91839999999996
482,7,2024-11-15,Camry,28715.18,0.02,Completed,574.3036000000001
483,4,2024-11-14,Camry,29007.33,,Pending,0.0
484,20,2024-11-07,Camry,27092.43,0.02,Pending,541.8486
485,17,2024-11-20,Corolla,24335.24,0.03,Completed,730.0572
486,7,2024-11-15,Tundra,43811.1,,Pending,0.0
487,10,2024-11-24,Highlander,41988.6,0.05,Completed,2099.43
488,10,2024-11-06,Highlander,39621.03,,Completed,0.0
489,20,2024-11-11,Tacoma,35612.29,,Completed,0.0
490,20,2024-11-12,Highlander,39010.17,0.05,Pending,1950.5085
491,15,2024-11-07,Highlander,40794.17,0.02,Pending,815.8833999999999
492,9,2024-11-25,Corolla,24713.14,0.03,Cancelled,741.3942
493,2,2024-11-12,RAV4,27144.73,0.03,Completed,814.3419
494,7,2024-11-03,Tacoma,39140.39,,Pending,0.0
495,16,2024-11-24,RAV4,34492.35,0.03,Pending,1034.7704999999999
496,18,2024-11-10,Tundra,43326.45,,Pending,0.0
497,14,2024-11-17,RAV4,33267.99,0.03,Completed,998.0396999999999
498,9,2024-11-11,Corolla,22295.37,,Pending,0.0
499,15,2024-11-21,RAV4,28000.64,0.02,Completed,560.0128
500,7,2024-11-04,Tacoma,31488.11,,Cancelled,0.0
501,16,2024-11-11,Tacoma,33515.35,0.03,Completed,1005.4604999999999
502,2,2024-11-09,Highlander,35071.08,0.05,Completed,1753.554
503,8,2024-11-01,RAV4,34498.34,0.05,Completed,1724.917
504,2,2024-11-15,Tacoma,34479.83,,Completed,0.0
505,11,2024-11-11,Tacoma,39145.84,0.03,Completed,1174.3752
506,8,2024-11-02,Highlander,42511.69,0.05,Completed,2125.5845000000004
507,19,2024-11-02,Highlander,35009.72,0.02,Completed,700.1944000000001
508,6,2024-11-10,RAV4,33339.43,,Completed,0.0
509,9,2024-11-29,Highlander,37415.62,0.02,Pending,748.3124
510,14,2024-11-09,Camry,25678.82,0.02,Completed,513.5764
511,14,2024-11-21,Tundra,35234.46,,Completed,0.0
512,7,2024-11-10,RAV4,31686.52,0.05,Completed,1584.326
513,14,2024-11-12,Corolla,23097.24,0.03,Completed,692.9172
514,11,2024-11-13,RAV4,28771.06,0.05,Completed,1438.553
515,19,2024-11-04,Tacoma,35990.04,0.03,Completed,1079.7012
516,6,2024-11-01,Tacoma,36441.61,,Completed,0.0
517,11,2024-11-16,Highlander,44664.4,0.02,Cancelled,893.288
518,7,2024-11-25,Highlander,41450.7,0.02,Completed,829.014
519,1,2024-11-08,Tacoma,31901.52,0.05,Completed,1595.076
520,3,2024-11-22,RAV4,27939.02,0.02,Completed,558.7804
521,5,2024-11-28,Tacoma,36496.49,0.03,Completed,1094.8946999999998
522,6,2024-11-03,Tacoma,38241.36,0.05,Completed,1912.0680000000002
523,9,2024-11-14,RAV4,29182.02,,Pending,0.0
524,8,2024-11-10,Corolla,21193.64,0.02,Pending,423.8728
525,4,2024-11-22,Camry,25032.01,,Completed,0.0
526,10,2024-11-23,RAV4,31068.39,0.02,Completed,621.3678
527,13,2024-11-24,Tundra,36406.71,,Completed,0.0
528,13,2024-11-27,Highlander,37437.9,,Completed,0.0
529,15,2024-11-18,Tacoma,39776.7,0.05,Cancelled,1988.835
530,10,2024-11-11,Camry,25767.78,,Completed,0.0
531,19,2024-11-11,Camry,26134.45,,Pending,0.0
532,1,2024-11-19,RAV4,34089.37,0.02,Cancelled,681.7874
533,6,2024-11-14,Corolla,21717.99,0.05,Pending,1085.8995000000002
534,20,2024-11-28,Tacoma,33824.26,,Completed,0.0
535,6,2024-11-15,Tacoma,35750.44,,Completed,0.0
536,7,2024-11-23,Highlander,42067.29,0.02,Completed,841.3458
537,5,2024-11-13,RAV4,31528.68,,Cancelled,0.0
538,4,2024-11-15,RAV4,31684.28,0.05,Completed,1584.214
539,9,2024-11-12,Tundra,42684.3,0.05,Pending,2134.215
540,15,2024-11-14,Camry,29097.12,0.02,Cancelled,581.9424
541,9,2024-11-05,Corolla,23854.3,0.03,Completed,715.6289999999999
542,14,2024-11-06,Tundra,42258.02,,Completed,0.0
543,19,2024-11-23,Corolla,24714.1,0.05,Completed,1235.705
544,9,2024-11-23,Tundra,46606.43,0.02,Completed,932.1286
545,2,2024-11-18,Tacoma,36942.18,0.02,Completed,738.8436
546,17,2024-11-04,Tacoma,33133.45,0.02,Completed,662.669
547,17,2024-11-12,Tacoma,36073.04,0.02,Cancelled,721.4608000000001
548,11,2024-11-01,RAV4,34221.67,,Completed,0.0
549,19,2024-11-16,Corolla,23108.27,0.05,Completed,1155.4135
550,15,2024-11-11,Tacoma,32541.61,,Completed,0.0
551,18,2024-11-25,Highlander,38223.71,0.05,Completed,1911.1855
552,19,2024-11-26,RAV4,31776.29,0.05,Completed,1588.8145000000002
553,15,2024-11-03,Highlander,42457.15,0.03,Completed,1273.7145
554,3,2024-11-04,RAV4,30965.81,0.02,Completed,619.3162000000001
555,19,2024-11-17,Corolla,20875.66,0.05,Completed,1043.7830000000001
556,4,2024-11-02,Highlander,42896.75,0.02,Pending,857.9350000000001
557,19,2024-11-13,Tacoma,34218.37,0.02,Pending,684.3674000000001
558,7,2024-11-09,Tacoma,32812.59,0.02,Completed,656.2517999999999
559,5,2024-11-22,Corolla,20133.43,0.05,Completed,1006.6715
560,18,2024-11-28,RAV4,32605.22,0.05,Completed,1630.2610000000002
561,9,2024-11-08,Corolla,20316.12,0.03,Pending,609.4835999999999
562,9,2024-11-14,Corolla,21798.05,0.05,Completed,1089.9025
563,3,2024-11-05,Tundra,47706.76,,Completed,0.0
564,13,2024-11-10,Camry,29746.66,0.05,Completed,1487.333
565,3,2024-11-08,Camry,26364.3,0.05,Completed,1318.2150000000001
566,5,2024-11-07,Highlander,38627.65,0.03,Completed,1158.8295
567,3,2024-11-21,Tacoma,38933.27,0.03,Completed,1167.9980999999998
568,1,2024-11-19,Camry,26651.71,,Pending,0.0
569,5,2024-11-15,Corolla,23112.59,0.02,Cancelled,462.2518
570,13,2024-11-22,Tundra,40323.75,0.03,Completed,1209.7124999999999
571,6,2024-11-17,Highlander,35409.44,,Completed,0.0
572,16,2024-11-16,Camry,27847.1,0.05,Cancelled,1392.355
573,17,2024-11-29,Corolla,21054.84,,Completed,0.0
574,19,2024-11-16,Tundra,40719.41,0.03,Completed,1221.5823
575,12,2024-11-14,Corolla,24268.72,0.02,Completed,485.37440000000004
576,12,2024-11-16,RAV4,31886.88,,Completed,0.0
577,16,2024-11-16,Tacoma,39137.53,,Completed,0.0
578,10,2024-11-24,Tacoma,31355.93,,Completed,0.0
579,12,2024-11-20,Camry,26159.58,0.03,Pending,784.7874
580,20,2024-11-21,Highlander,44000.7,0.05,Completed,2200.035
581,3,2024-11-01,Highlander,36069.73,0.05,Pending,1803.4865000000002
582,6,2024-11-13,Tacoma,34983.64,0.03,Completed,1049.5092
583,5,2024-11-14,Corolla,22585.45,,Pending,0.0
584,20,2024-11-08,Highlander,43362.14,,Completed,0.0
585,18,2024-11-21,Camry,28147.04,,Completed,0.0
586,15,2024-11-22,RAV4,34894.27,0.03,Pending,1046.8281
587,20,2024-11-05,Tundra,41274.09,0.03,Completed,1238.2226999999998
588,9,2024-11-18,Corolla,20505.01,,Completed,0.0
589,6,2024-11-02,Corolla,23470.05,0.05,Completed,1173.5025
590,19,2024-11-03,Tundra,39504.09,,Completed,0.0
591,17,2024-11-11,Tacoma,37153.5,,Completed,0.0
592,18,2024-11-05,Tundra,44322.41,0.03,Completed,1329.6723
593,11,2024-11-27,Highlander,35563.56,0.03,Completed,1066.9068
594,10,2024-11-20,Tacoma,37353.87,0.05,Completed,1867.6935000000003
595,5,2024-11-10,Highlander,39088.02,0.05,Completed,1954.4009999999998
596,2,2024-11-11,Tacoma,36247.43,,Pending,0.0
597,15,2024-11-30,Corolla,21546.42,,Completed,0.0
598,11,2024-11-16,Corolla,23844.93,,Cancelled,0.0
599,19,2024-11-03,Highlander,39474.3,0.02,Completed,789.4860000000001
600,6,2024-11-04,Camry,26371.67,0.02,Pending,527.4334
601,4,2024-11-28,Corolla,24866.0,0.05,Completed,1243.3000000000002
602,13,2024-11-19,RAV4,33439.65,0.05,Completed,1671.9825
603,5,2024-11-05,Highlander,42125.82,0.05,Completed,2106.291
604,20,2024-11-06,Highlander,42302.2,0.05,Completed,2115.11
605,14,2024-11-26,Corolla,23486.71,,Pending,0.0
606,11,2024-11-03,Tacoma,33647.58,0.02,Completed,672.9516000000001
607,11,2024-11-09,Tundra,44693.13,,Completed,0.0
608,14,2024-11-26,Tundra,48533.34,0.03,Cancelled,1456.0002
609,10,2024-11-12,RAV4,34722.23,,Completed,0.0
610,9,2024-11-28,Highlander,39886.66,,Completed,0.0
611,1,2024-11-26,Highlander,35467.37,0.03,Pending,1064.0211
612,11,2024-11-18,RAV4,32974.95,0.05,Completed,1648.7475
613,9,2024-11-11,Camry,28459.68,0.03,Completed,853.7904
614,15,2024-11-10,Highlander,43756.24,0.03,Pending,1312.6871999999998
615,17,2024-11-17,Corolla,23172.41,0.02,Completed,463.4482
616,1,2024-11-10,Highlander,35440.69,,Completed,0.0
617,10,2024-11-24,Corolla,24162.72,0.02,Completed,483.25440000000003
618,2,2024-11-08,Tundra,37650.35,0.03,Completed,1129.5104999999999
619,13,2024-11-11,Camry,29581.38,0.05,Pending,1479.0690000000002
620,15,2024-11-30,RAV4,29923.46,,Completed,0.0
621,5,2024-11-18,Corolla,23788.12,0.05,Completed,1189.406
622,6,2024-11-29,Camry,28776.02,,Completed,0.0
623,13,2024-11-06,Camry,28325.13,,Pending,0.0
624,10,2024-11-03,Highlander,37772.46,0.03,Completed,1133.1738
625,18,2024-11-07,RAV4,31381.09,0.05,Completed,1569.0545000000002
626,2,2024-11-24,Tundra,36087.55,0.02,Completed,721.7510000000001
627,16,2024-11-03,RAV4,28178.66,,Completed,0.0
628,20,2024-11-30,RAV4,28813.43,0.03,Completed,864.4028999999999
629,6,2024-11-22,Highlander,41121.65,0.03,Pending,1233.6495
630,5,2024-11-02,Camry,25113.06,0.02,Pending,502.26120000000003
631,17,2024-11-15,RAV4,27766.67,,Pending,0.0
632,10,2024-11-13,Tundra,42518.52,0.02,Pending,850.3703999999999
633,4,2024-11-25,Corolla,23210.87,0.05,Completed,1160.5435
634,16,2024-11-08,Tundra,36055.15,,Pending,0.0
635,17,2024-11-14,RAV4,30024.61,0.02,Completed,600.4922
636,16,2024-11-16,Tacoma,39634.76,0.02,Completed,792.6952000000001
637,12,2024-11-29,RAV4,33671.52,0.03,Completed,1010.1455999999998
638,14,2024-11-15,Tundra,49327.86,0.02,Completed,986.5572000000001
639,11,2024-11-29,Tacoma,33837.16,,Cancelled,0.0
640,11,2024-11-23,Tacoma,34859.25,0.02,Completed,697.1850000000001
641,13,2024-11-10,Tacoma,33816.82,0.05,Cancelled,1690.8410000000001
642,15,2024-11-17,RAV4,30484.43,0.02,Completed,609.6886000000001
643,10,2024-11-04,Highlander,39136.27,0.03,Pending,1174.0881
644,10,2024-11-21,Tundra,47050.24,,Cancelled,0.0
645,8,2024-11-05,Camry,27167.93,,Completed,0.0
646,4,2024-11-22,Highlander,38731.1,0.02,Pending,774.622
647,11,2024-11-10,Tundra,43701.17,,Completed,0.0
648,18,2024-11-22,Camry,26057.17,,Completed,0.0
649,6,2024-11-18,Highlander,40182.28,0.02,Completed,803.6456
650,4,2024-11-25,Tundra,46401.6,0.02,Completed,928.032
651,2,2024-11-20,Camry,25454.73,,Completed,0.0
652,15,2024-11-29,Highlander,38065.69,0.02,Pending,761.3138
653,11,2024-11-15,RAV4,30756.5,0.02,Cancelled,615.13
654,6,2024-11-04,Corolla,21998.11,,Completed,0.0
655,5,2024-11-23,Corolla,23533.33,0.05,Completed,1176.6665
656,4,2024-11-13,Highlander,40856.75,,Completed,0.0
657,17,2024-11-14,Highlander,37257.96,0.03,Pending,1117.7387999999999
658,7,2024-11-01,Camry,25325.02,0.02,Completed,506.5004
659,13,2024-11-12,Tundra,37726.98,0.05,Completed,1886.3490000000002
660,18,2024-11-12,Tundra,35315.3,0.05,Pending,1765.7650000000003
661,7,2024-11-02,Highlander,36130.75,0.03,Completed,1083.9225
662,4,2024-11-04,RAV4,28206.85,,Completed,0.0
663,17,2024-11-13,Tacoma,30255.74,0.03,Completed,907.6722
664,10,2024-11-26,Tundra,43144.16,,Completed,0.0
665,13,2024-11-29,Tacoma,35776.24,0.03,Completed,1073.2872
666,18,2024-11-11,RAV4,33138.08,0.03,Pending,994.1424000000001
667,8,2024-11-09,Highlander,41215.2,0.05,Pending,2060.7599999999998
668,11,2024-11-09,Tacoma,32152.64,0.05,Completed,1607.632
669,16,2024-11-19,Corolla,21374.86,0.03,Cancelled,641.2458
670,10,2024-11-17,Tacoma,37662.58,0.03,Pending,1129.8774
671,16,2024-11-19,Camry,26969.4,0.03,Cancelled,809.082
672,12,2024-11-25,Tacoma,35496.89,0.05,Pending,1774.8445000000002
673,18,2024-11-01,Camry,29415.04,0.03,Completed,882.4512
674,19,2024-11-26,Tacoma,39284.58,0.05,Completed,1964.2290000000003
675,11,2024-11-07,RAV4,29253.34,,Completed,0.0
676,19,2024-11-16,Highlander,38059.89,0.05,Completed,1902.9945
677,1,2024-11-14,Camry,28364.37,0.05,Pending,1418.2185
678,1,2024-11-10,Tundra,35719.44,0.05,Completed,1785.9720000000002
679,17,2024-11-29,Camry,29067.14,0.03,Completed,872.0142
680,5,2024-11-13,Tundra,42208.68,0.05,Completed,2110.434
681,6,2024-11-10,RAV4,32944.63,0.02,Completed,658.8926
682,17,2024-11-02,Tacoma,32034.08,0.05,Completed,1601.7040000000002
683,4,2024-11-04,Highlander,39743.03,,Completed,0.0
684,17,2024-11-08,Tacoma,30493.64,0.05,Completed,1524.682
685,17,2024-11-10,Tundra,45912.44,0.02,Pending,918.2488000000001
686,8,2024-11-17,Tundra,49979.12,0.02,Completed,999.5824000000001
687,16,2024-11-22,RAV4,30862.92,0.03,Pending,925.8875999999999
688,6,2024-11-23,Corolla,23238.36,0.03,Completed,697.1508
689,9,2024-11-13,Tundra,46527.6,0.05,Completed,2326.38
690,8,2024-11-08,Tundra,43844.22,0.03,Completed,1315.3266
691,10,2024-11-02,Camry,29909.88,0.05,Completed,1495.4940000000001
692,11,2024-11-22,Corolla,21520.48,0.02,Pending,430.4096
693,12,2024-11-02,Camry,26632.17,,Completed,0.0
694,5,2024-11-26,Tundra,49084.41,0.03,Completed,1472.5323
695,5,2024-11-08,Corolla,21683.61,0.03,Completed,650.5083
696,8,2024-11-02,Tundra,35968.92,0.05,Completed,1798.446
697,2,2024-11-04,Tacoma,39907.71,0.05,Completed,1995.3855
698,18,2024-11-05,RAV4,33067.79,0.05,Completed,1653.3895000000002
699,1,2024-11-10,Corolla,22800.87,0.03,Pending,684.0260999999999
700,9,2024-11-20,Camry,29206.75,0.05,Completed,1460.3375
701,11,2024-11-06,Highlander,44864.78,,Completed,0.0
702,12,2024-11-10,RAV4,30350.62,0.02,Completed,607.0124
703,20,2024-11-10,Tundra,37167.28,,Completed,0.0
704,11,2024-11-10,RAV4,30375.58,,Pending,0.0
705,18,2024-11-06,Corolla,22956.19,0.03,Completed,688.6856999999999
706,16,2024-11-23,Highlander,43722.33,0.02,Cancelled,874.4466000000001
707,6,2024-11-26,Tacoma,39412.18,0.05,Completed,1970.6090000000002
708,7,2024-11-17,Corolla,20121.89,0.02,Pending,402.4378
709,6,2024-11-19,RAV4,34704.24,0.03,Pending,1041.1272
710,18,2024-11-17,Highlander,38033.53,0.05,Pending,1901.6765
711,14,2024-11-24,RAV4,31951.27,0.02,Completed,639.0254
712,14,2024-11-09,Camry,28929.13,0.05,Completed,1446.4565000000002
713,3,2024-11-04,Tacoma,39117.7,0.03,Pending,1173.531
714,17,2024-11-09,Highlander,42255.71,0.03,Pending,1267.6713
715,19,2024-11-16,Camry,25926.31,0.03,Completed,777.7893
716,9,2024-11-22,RAV4,29673.3,0.05,Completed,1483.665
717,16,2024-11-04,Tacoma,31369.59,0.02,Completed,627.3918
718,1,2024-11-14,Camry,25999.79,0.03,Cancelled,779.9937
719,7,2024-11-28,Tundra,43221.83,0.03,Completed,1296.6549
720,8,2024-11-14,Camry,27454.61,0.03,Pending,823.6383
721,3,2024-11-17,Corolla,22749.2,0.02,Completed,454.98400000000004
722,20,2024-11-02,Tacoma,31893.21,0.02,Completed,637.8642
723,4,2024-11-01,Tacoma,39190.36,,Completed,0.0
724,14,2024-11-22,Highlander,39652.31,0.03,Completed,1189.5692999999999
725,16,2024-11-16,Highlander,39781.18,0.05,Completed,1989.0590000000002
726,4,2024-11-30,Camry,26379.41,0.05,Completed,1318.9705000000001
727,18,2024-11-16,Tundra,41450.51,0.03,Completed,1243.5153
728,20,2024-11-03,Tundra,40812.2,,Completed,0.0
729,2,2024-11-19,RAV4,29157.5,0.03,Completed,874.725
730,12,2024-11-26,Tacoma,34134.1,0.02,Pending,682.682
731,2,2024-11-01,Camry,29642.31,0.02,Completed,592.8462000000001
732,1,2024-11-12,Highlander,39081.09,0.02,Pending,781.6217999999999
733,17,2024-11-29,RAV4,28494.17,0.02,Pending,569.8833999999999
734,9,2024-11-29,RAV4,34279.89,0.03,Completed,1028.3967
735,3,2024-11-16,Tacoma,33203.1,0.02,Completed,664.062
736,18,2024-11-23,Camry,25953.32,0.03,Cancelled,778.5996
737,4,2024-11-19,Tundra,49028.82,,Completed,0.0
738,20,2024-11-29,RAV4,28368.77,,Completed,0.0
739,8,2024-11-13,Corolla,21462.04,0.05,Cancelled,1073.102
740,14,2024-11-20,Camry,29597.6,,Cancelled,0.0
741,20,2024-11-14,Highlander,41401.2,0.03,Completed,1242.0359999999998
742,4,2024-11-30,Tacoma,35749.34,0.03,Completed,1072.4802
743,13,2024-11-13,Corolla,21633.25,0.03,Completed,648.9975
744,19,2024-11-14,RAV4,30010.33,,Completed,0.0
745,18,2024-11-16,Tacoma,34625.47,,Completed,0.0
746,9,2024-11-30,Highlander,41530.72,0.02,Completed,830.6144
747,8,2024-11-05,Highlander,38075.23,0.05,Completed,1903.7615000000003
748,20,2024-11-28,Tundra,37622.96,,Completed,0.0
749,4,2024-11-01,Corolla,20641.27,0.02,Completed,412.8254
750,5,2024-11-07,Camry,27918.0,0.03,Completed,837.54
751,2,2024-11-11,Tacoma,35437.05,0.03,Pending,1063.1115
752,1,2024-11-23,Tundra,42598.81,0.02,Completed,851.9762
753,19,2024-11-10,RAV4,29677.09,,Completed,0.0
754,18,2024-11-09,RAV4,33190.14,0.02,Completed,663.8028
755,14,2024-11-05,Tundra,35400.24,0.02,Completed,708.0047999999999
756,19,2024-11-08,Tacoma,37067.1,,Completed,0.0
757,10,2024-11-29,RAV4,33010.41,0.05,Cancelled,1650.5205000000003
758,12,2024-11-25,Corolla,20748.65,0.05,Completed,1037.4325000000001
759,20,2024-11-24,Highlander,43858.58,0.02,Completed,877.1716
760,5,2024-11-29,Tacoma,32776.02,0.03,Pending,983.2805999999998
761,20,2024-11-26,Tacoma,31729.19,0.05,Completed,1586.4595
762,3,2024-11-10,Tacoma,30725.23,0.02,Completed,614.5046
763,15,2024-11-08,Tundra,36463.17,,Pending,0.0
764,19,2024-11-08,Camry,26277.96,,Completed,0.0
765,8,2024-11-12,Corolla,22086.24,0.03,Pending,662.5872
766,9,2024-11-24,Highlander,39615.09,0.05,Completed,1980.7545
767,5,2024-11-03,Highlander,43386.02,0.02,Completed,867.7203999999999
768,19,2024-11-15,Camry,25850.15,0.03,Pending,775.5045
769,1,2024-11-08,RAV4,28787.41,,Pending,0.0
770,20,2024-11-04,Camry,28924.59,0.03,Completed,867.7377
771,1,2024-11-29,Corolla,24837.18,0.05,Completed,1241.8590000000002
772,15,2024-11-02,RAV4,29380.23,,Completed,0.0
773,2,2024-11-27,Highlander,40722.71,0.02,Completed,814.4542
774,14,2024-11-14,Tundra,35407.7,0.05,Completed,1770.385
775,12,2024-11-12,Tacoma,39233.07,0.05,Pending,1961.6535000000001
776,15,2024-11-06,Tacoma,31445.15,0.05,Completed,1572.2575000000002
777,20,2024-11-15,Tacoma,35008.81,0.02,Completed,700.1762
778,9,2024-11-26,RAV4,28997.32,,Pending,0.0
779,15,2024-11-22,RAV4,28079.67,0.03,Completed,842.3901
780,18,2024-11-03,Tundra,41494.44,,Completed,0.0
781,13,2024-11-12,Highlander,38182.59,0.02,Completed,763.6518
782,6,2024-11-29,Highlander,44730.83,,Completed,0.0
783,9,2024-11-17,Camry,26782.84,,Completed,0.0
784,12,2024-11-04,Corolla,23739.08,0.03,Completed,712.1724
785,18,2024-11-26,Camry,27480.2,0.02,Completed,549.604
786,2,2024-11-20,Highlander,36706.16,0.05,Cancelled,1835.3080000000002
787,4,2024-11-30,Tacoma,32141.44,0.05,Completed,1607.0720000000001
788,8,2024-11-27,RAV4,29391.19,0.02,Pending,587.8238
789,15,2024-11-04,Tacoma,34300.28,0.02,Completed,686.0056
790,13,2024-11-18,Tacoma,39024.2,0.05,Completed,1951.21
791,8,2024-11-07,Tundra,36741.9,0.03,Completed,1102.257
792,16,2024-11-27,RAV4,29621.31,,Completed,0.0
793,7,2024-11-29,Corolla,22984.11,,Completed,0.0
794,9,2024-11-13,Camry,25161.71,0.02,Completed,503.2342
795,11,2024-11-24,Tundra,42167.73,0.03,Completed,1265.0319
796,7,2024-11-01,Camry,25589.58,,Pending,0.0
797,13,2024-11-21,Corolla,21818.1,0.05,Pending,1090.905
798,19,2024-11-15,Highlander,35617.0,,Completed,0.0
799,16,2024-11-27,RAV4,33852.9,0.05,Completed,1692.6450000000002
800,15,2024-11-18,Highlander,40808.16,0.02,Completed,816.1632000000001
801,18,2024-11-19,Tundra,49020.28,0.03,Completed,1470.6083999999998
802,20,2024-11-18,Camry,29267.04,0.03,Pending,878.0112
803,1,2024-11-09,Tacoma,36407.58,0.03,Pending,1092.2274
804,6,2024-11-25,Highlander,44077.69,,Pending,0.0
805,13,2024-11-11,Highlander,39608.26,,Completed,0.0
806,2,2024-11-07,Tacoma,35548.55,0.03,Completed,1066.4565
807,18,2024-11-08,Corolla,21337.6,0.02,Completed,426.75199999999995
808,2,2024-11-19,Corolla,21247.39,,Completed,0.0
809,16,2024-11-26,Tacoma,37322.16,0.02,Completed,746.4432
810,1,2024-11-16,Camry,28450.17,0.03,Completed,853.5051
811,14,2024-11-16,Tacoma,31404.28,0.05,Completed,1570.214
812,10,2024-11-12,Camry,25412.99,0.03,Completed,762.3897000000001
813,14,2024-11-26,Corolla,22657.13,0.05,Completed,1132.8565
814,17,2024-11-26,Tacoma,36014.43,0.05,Completed,1800.7215
815,11,2024-11-15,RAV4,28144.35,,Pending,0.0
816,13,2024-11-08,Highlander,37122.61,0.02,Completed,742.4522000000001
817,15,2024-11-04,Corolla,22824.64,0.02,Completed,456.4928
818,1,2024-11-16,Camry,28972.49,0.03,Cancelled,869.1747
819,13,2024-11-07,RAV4,32991.65,0.02,Pending,659.8330000000001
820,8,2024-11-24,Tundra,48834.41,0.05,Completed,2441.7205000000004
821,2,2024-11-29,Tundra,35915.11,,Cancelled,0.0
822,8,2024-11-02,Tundra,45335.12,0.05,Pending,2266.7560000000003
823,13,2024-11-19,Camry,28383.88,0.03,Completed,851.5164
824,18,2024-11-13,Highlander,36804.93,0.03,Pending,1104.1479
825,17,2024-11-21,Tacoma,35760.42,0.05,Completed,1788.021
826,17,2024-11-12,Tundra,37546.64,0.03,Pending,1126.3991999999998
827,17,2024-11-08,Tundra,39678.51,,Completed,0.0
828,18,2024-11-14,Camry,29951.78,,Completed,0.0
829,3,2024-11-23,Highlander,35297.31,,Completed,0.0
830,12,2024-11-23,Tundra,37586.87,0.02,Completed,751.7374000000001
831,11,2024-11-17,Camry,28540.21,0.02,Completed,570.8042
832,10,2024-11-13,Tundra,44563.31,0.02,Completed,891.2662
833,9,2024-11-11,Highlander,38355.34,,Completed,0.0
834,10,2024-11-17,RAV4,29192.66,,Completed,0.0
835,4,2024-11-04,Tacoma,32745.41,,Completed,0.0
836,18,2024-11-15,Tundra,36457.46,0.02,Cancelled,729.1492
837,13,2024-11-19,RAV4,29102.53,,Completed,0.0
838,11,2024-11-21,Tundra,46371.44,0.02,Pending,927.4288
839,2,2024-11-25,Highlander,44513.0,0.05,Completed,2225.65
840,20,2024-11-27,Tundra,42057.9,0.03,Completed,1261.737
841,18,2024-11-11,Camry,27748.69,0.03,Completed,832.4607
842,16,2024-11-10,Tacoma,33787.94,0.05,Cancelled,1689.3970000000002
843,12,2024-11-13,Tundra,39317.06,0.05,Pending,1965.853
844,19,2024-11-18,Corolla,21618.93,0.05,Pending,1080.9465
845,4,2024-11-05,Corolla,24177.06,,Pending,0.0
846,2,2024-11-14,Corolla,24872.11,0.03,Completed,746.1632999999999
847,1,2024-11-14,Tundra,35113.5,,Pending,0.0
848,16,2024-11-11,RAV4,34965.01,0.05,Pending,1748.2505
849,2,2024-11-02,Tundra,39467.41,0.05,Completed,1973.3705000000002
850,1,2024-11-11,Corolla,22662.3,,Completed,0.0
851,18,2024-11-01,Tundra,49240.55,0.02,Pending,984.811
852,14,2024-11-16,Corolla,24139.17,,Completed,0.0
853,2,2024-11-10,RAV4,33978.84,0.05,Completed,1698.942
854,14,2024-11-14,Highlander,44115.99,0.02,Completed,882.3198
855,17,2024-11-13,Tundra,38147.57,0.03,Completed,1144.4270999999999
856,15,2024-11-18,Highlander,44044.78,0.02,Pending,880.8956
857,10,2024-11-20,Corolla,24625.6,,Completed,0.0
858,7,2024-11-04,Tundra,40218.35,0.03,Completed,1206.5504999999998
859,11,2024-11-04,Highlander,39434.53,0.05,Completed,1971.7265
860,18,2024-11-03,Camry,25277.33,0.02,Completed,505.54660000000007
861,7,2024-11-01,Corolla,21150.84,,Pending,0.0
862,12,2024-11-16,Camry,27869.44,,Pending,0.0
863,13,2024-11-22,Tacoma,32915.52,0.02,Completed,658.3104
864,1,2024-11-24,Tacoma,39726.21,0.03,Completed,1191.7863
865,19,2024-11-12,Corolla,20562.51,,Pending,0.0
866,13,2024-11-16,Tacoma,34104.13,,Completed,0.0
867,15,2024-11-18,Tundra,43544.73,0.02,Completed,870.8946000000001
868,20,2024-11-05,Camry,28923.63,0.03,Completed,867.7089
869,17,2024-11-21,Tundra,39551.51,0.05,Completed,1977.5755000000001
870,9,2024-11-17,Highlander,35304.03,0.05,Completed,1765.2015000000001
871,11,2024-11-23,RAV4,33536.33,0.03,Completed,1006.0899000000001
872,7,2024-11-03,Highlander,37166.59,0.02,Completed,743.3317999999999
873,6,2024-11-05,Camry,27619.46,,Cancelled,0.0
874,12,2024-11-17,Highlander,42942.78,0.05,Completed,2147.139
875,11,2024-11-07,RAV4,34618.37,0.03,Completed,1038.5511000000001
876,13,2024-11-16,Tundra,47369.31,0.02,Completed,947.3861999999999
877,3,2024-11-04,RAV4,32607.11,0.03,Completed,978.2133
878,11,2024-11-05,Tacoma,33690.94,0.03,Completed,1010.7282
879,9,2024-11-04,Corolla,24697.85,0.03,Completed,740.9354999999999
880,12,2024-11-27,RAV4,32237.08,0.05,Completed,1611.8540000000003
881,10,2024-11-27,Corolla,20272.78,0.02,Completed,405.4556
882,13,2024-11-27,Tundra,35319.64,0.02,Completed,706.3928
883,2,2024-11-03,Tacoma,32587.69,0.02,Completed,651.7538
884,9,2024-11-06,Tundra,38638.24,0.05,Pending,1931.912
885,15,2024-11-01,RAV4,33040.37,0.05,Completed,1652.0185000000001
886,4,2024-11-08,Corolla,21816.96,0.02,Completed,436.3392
887,19,2024-11-01,Highlander,41180.71,0.02,Completed,823.6142
888,16,2024-11-29,Camry,29456.76,0.03,Pending,883.7027999999999
889,8,2024-11-04,RAV4,34277.81,0.05,Pending,1713.8905
890,6,2024-11-03,Tundra,45309.94,0.02,Completed,906.1988000000001
891,2,2024-11-11,Tundra,44550.38,0.02,Completed,891.0075999999999
892,20,2024-11-10,Highlander,44213.49,,Completed,0.0
893,11,2024-11-30,Corolla,21343.25,,Pending,0.0
894,2,2024-11-23,Corolla,23800.98,0.02,Completed,476.0196
895,3,2024-11-16,Corolla,23267.73,0.02,Completed,465.3546
896,14,2024-11-04,Highlander,37330.04,0.02,Completed,746.6008
897,1,2024-11-14,Tacoma,34588.41,0.03,Pending,1037.6523
898,18,2024-11-30,Tacoma,38174.42,0.05,Pending,1908.721
899,9,2024-11-04,Tundra,40678.45,0.03,Completed,1220.3535
900,3,2024-11-12,Camry,28054.12,0.03,Pending,841.6235999999999
901,2,2024-11-28,Camry,25700.31,,Pending,0.0
902,16,2024-11-05,Corolla,23437.32,0.05,Completed,1171.866
903,15,2024-11-27,Tacoma,31365.19,0.02,Completed,627.3038
904,10,2024-11-04,Tundra,43019.93,0.03,Cancelled,1290.5979
905,9,2024-11-12,Corolla,23309.34,0.02,Completed,466.1868
906,13,2024-11-06,Tacoma,31165.18,0.02,Completed,623.3036000000001
907,14,2024-11-07,Tundra,43296.74,0.05,Pending,2164.837
908,11,2024-11-10,Highlander,39057.13,0.02,Completed,781.1426
909,18,2024-11-06,Highlander,39691.52,0.03,Completed,1190.7456
910,5,2024-11-05,Highlander,35255.04,0.05,Completed,1762.7520000000002
911,7,2024-11-04,Corolla,23862.98,,Completed,0.0
912,10,2024-11-12,RAV4,32410.98,0.02,Pending,648.2196
913,5,2024-11-15,Camry,25844.29,0.02,Completed,516.8858
914,14,2024-11-02,Tacoma,39741.41,0.03,Completed,1192.2423000000001
915,12,2024-11-19,RAV4,31279.28,0.02,Completed,625.5856
916,15,2024-11-29,Tundra,42726.72,0.03,Pending,1281.8016
917,3,2024-11-02,Tundra,49349.49,0.02,Completed,986.9898
918,13,2024-11-01,Highlander,37382.83,,Pending,0.0
919,18,2024-11-23,Highlander,38494.95,,Completed,0.0
920,17,2024-11-08,Corolla,22453.25,0.05,Pending,1122.6625000000001
921,5,2024-11-04,Corolla,22267.02,0.05,Completed,1113.351
922,2,2024-11-12,Highlander,35035.75,,Pending,0.0
923,5,2024-11-29,Corolla,21723.99,,Completed,0.0
924,4,2024-11-13,Highlander,38357.93,,Completed,0.0
925,4,2024-11-30,Tundra,36598.27,0.05,Completed,1829.9134999999999
926,8,2024-11-05,Tacoma,33605.95,0.03,Pending,1008.1784999999999
927,12,2024-11-05,Tundra,35592.15,,Completed,0.0
928,3,2024-11-05,Highlander,42056.04,0.02,Completed,841.1208
929,4,2024-11-19,Tundra,47038.52,0.02,Completed,940.7704
930,12,2024-11-28,Highlander,43527.26,0.03,Completed,1305.8178
931,8,2024-11-24,RAV4,34862.23,,Pending,0.0
932,7,2024-11-04,Tacoma,39332.95,,Cancelled,0.0
933,8,2024-11-30,RAV4,32862.75,0.03,Completed,985.8824999999999
934,17,2024-11-14,Corolla,20780.95,0.03,Pending,623.4285
935,12,2024-11-01,Tacoma,31235.9,0.03,Completed,937.077
936,4,2024-11-28,Corolla,22823.99,0.02,Pending,456.47980000000007
937,4,2024-11-11,Corolla,24584.11,0.03,Completed,737.5233
938,2,2024-11-28,RAV4,29783.82,0.03,Completed,893.5146
939,15,2024-11-03,Camry,29599.8,0.02,Completed,591.996
940,6,2024-11-13,Tundra,41312.46,0.02,Pending,826.2492
941,5,2024-11-18,Highlander,36652.62,0.03,Completed,1099.5786
942,4,2024-11-09,Tacoma,34213.34,,Completed,0.0
943,7,2024-11-11,Tacoma,31839.58,0.02,Completed,636.7916
944,9,2024-11-30,Corolla,22958.26,,Completed,0.0
945,1,2024-11-18,RAV4,27551.5,,Pending,0.0
946,18,2024-11-17,RAV4,30643.25,0.03,Completed,919.2975
947,4,2024-11-03,Camry,29283.49,0.02,Pending,585.6698
948,15,2024-11-16,Corolla,20309.55,0.05,Completed,1015.4775
949,20,2024-11-16,Camry,26649.72,,Cancelled,0.0
950,16,2024-11-27,Tacoma,30342.76,,Completed,0.0
951,16,2024-11-26,Corolla,21315.9,0.05,Pending,1065.795
952,4,2024-11-25,RAV4,27783.53,,Pending,0.0
953,15,2024-11-17,Highlander,38240.56,0.02,Completed,764.8112
954,9,2024-11-11,Camry,28710.88,0.02,Pending,574.2176000000001
955,10,2024-11-19,Tacoma,33228.54,0.05,Completed,1661.4270000000001
956,11,2024-11-08,Camry,26928.62,0.05,Completed,1346.431
957,14,2024-11-23,Corolla,21660.85,,Completed,0.0
958,11,2024-11-21,Tacoma,31778.24,0.03,Pending,953.3472
959,17,2024-11-24,Highlander,35300.7,0.05,Completed,1765.0349999999999
960,15,2024-11-21,Highlander,43235.23,0.05,Completed,2161.7615
961,8,2024-11-04,Tacoma,31335.51,0.05,Completed,1566.7755
962,4,2024-11-13,Corolla,22013.21,0.02,Completed,440.2642
963,7,2024-11-10,Tacoma,38971.35,0.05,Completed,1948.5675
964,14,2024-11-15,Tundra,35814.0,0.05,Completed,1790.7
965,7,2024-11-06,Highlander,40445.57,0.03,Completed,1213.3671
966,12,2024-11-30,Tundra,43697.43,0.02,Completed,873.9486
967,17,2024-11-04,Tundra,49468.8,0.03,Completed,1484.064
968,3,2024-11-03,Tundra,47722.84,,Completed,0.0
969,12,2024-11-19,Corolla,24186.73,,Pending,0.0
970,6,2024-11-03,Highlander,35655.82,0.05,Completed,1782.7910000000002
971,5,2024-11-16,Tacoma,38147.17,,Completed,0.0
972,9,2024-11-20,Corolla,23501.75,0.05,Completed,1175.0875
973,5,2024-11-09,Corolla,22540.33,0.05,Completed,1127.0165000000002
974,2,2024-11-15,Tacoma,32223.47,0.03,Cancelled,966.7041
975,7,2024-11-09,RAV4,29551.78,0.02,Completed,591.0356
976,15,2024-11-08,Tacoma,36235.55,0.02,Completed,724.7110000000001
977,17,2024-11-26,RAV4,34613.45,0.02,Completed,692.269
978,19,2024-11-04,Camry,26166.26,0.03,Completed,784.9877999999999
979,13,2024-11-17,RAV4,31467.75,,Completed,0.0
980,19,2024-11-28,Corolla,22411.17,0.05,Pending,1120.5584999999999
981,14,2024-11-25,Tacoma,39516.1,0.05,Pending,1975.805
982,15,2024-11-21,Camry,25330.54,0.05,Completed,1266.527
983,17,2024-11-19,Tacoma,34733.93,0.03,Completed,1042.0179
984,2,2024-11-04,Tundra,42586.72,0.03,Pending,1277.6016
985,20,2024-11-01,Camry,25808.22,0.02,Completed,516.1644
986,19,2024-11-18,Tundra,46988.88,0.05,Completed,2349.444
987,7,2024-11-23,Tacoma,35304.02,0.02,Completed,706.0803999999999
988,17,2024-11-11,Tacoma,33617.13,,Completed,0.0
989,16,2024-11-03,Tundra,36801.71,,Pending,0.0
990,19,2024-11-14,Tundra,44120.64,0.05,Pending,2206.032
991,15,2024-11-19,Camry,25840.05,0.05,Completed,1292.0025
992,3,2024-11-17,Corolla,24345.57,0.05,Completed,1217.2785000000001
993,3,2024-11-05,RAV4,34946.45,0.05,Completed,1747.3225
994,19,2024-11-04,Corolla,23181.38,0.02,Pending,463.62760000000003
995,16,2024-11-04,Highlander,38715.72,0.05,Completed,1935.786
996,13,2024-11-01,Corolla,21044.21,0.03,Cancelled,631.3263
997,16,2024-11-03,RAV4,29658.52,0.03,Completed,889.7556
998,5,2024-11-23,Tacoma,39531.12,0.02,Completed,790.6224000000001
999,13,2024-11-05,Corolla,21786.0,,Pending,0.0
1000,14,2024-11-06,Camry,25376.67,,Completed,0.0
1001,20,2024-11-08,Camry,27774.9,0.05,Completed,1388.7450000000001
1002,6,2024-11-02,Tundra,49823.29,0.05,Completed,2491.1645000000003
1003,7,2024-11-06,Highlander,36224.4,,Completed,0.0
1004,6,2024-11-21,Tundra,43133.05,0.02,Completed,862.6610000000001
1005,1,2024-11-28,Camry,28852.21,0.05,Pending,1442.6105
1006,14,2024-11-03,RAV4,27364.5,0.02,Completed,547.29
1007,6,2024-11-02,RAV4,33014.94,0.03,Completed,990.4482
1008,12,2024-11-20,Highlander,37008.7,0.05,Completed,1850.435
1009,3,2024-11-25,Highlander,36681.33,0.02,Pending,733.6266
1010,18,2024-11-13,Camry,28606.21,0.02,Cancelled,572.1242
1011,10,2024-11-26,RAV4,34791.9,0.03,Completed,1043.757
1012,9,2024-11-11,Tundra,41045.03,0.03,Completed,1231.3509
1013,11,2024-11-21,Tacoma,36571.51,,Pending,0.0
1014,11,2024-11-19,RAV4,31630.33,0.02,Completed,632.6066000000001
1015,8,2024-11-03,Tundra,48205.45,0.05,Pending,2410.2725
1016,3,2024-11-02,RAV4,30338.45,0.02,Completed,606.769
1017,1,2024-11-18,Tacoma,30342.21,,Cancelled,0.0
1018,3,2024-11-17,Highlander,41067.42,0.03,Completed,1232.0226
1019,17,2024-11-23,Highlander,37905.53,0.05,Pending,1895.2765
1020,8,2024-11-27,Tundra,37506.96,0.02,Completed,750.1392
1021,12,2024-11-30,Highlander,41987.64,0.05,Pending,2099.382
1022,7,2024-11-02,Tundra,48762.62,0.03,Completed,1462.8786
1023,20,2024-11-12,Highlander,42198.32,0.02,Pending,843.9664
1024,11,2024-11-06,RAV4,29865.75,,Cancelled,0.0
1025,18,2024-11-30,Camry,26696.07,0.03,Completed,800.8820999999999
1026,19,2024-11-29,Camry,27450.13,0.05,Pending,1372.5065000000002
1027,9,2024-11-08,Tacoma,30022.16,0.05,Completed,1501.1080000000002
1028,6,2024-11-10,Tacoma,38345.2,0.05,Completed,1917.26
1029,5,2024-11-24,Tacoma,33325.27,0.02,Completed,666.5053999999999
1030,12,2024-11-24,Corolla,20095.15,0.02,Completed,401.903
1031,17,2024-11-30,Tundra,44252.69,0.03,Completed,1327.5807
1032,8,2024-11-18,Tundra,40398.86,0.05,Completed,2019.9430000000002
1033,7,2024-11-30,Tundra,49040.37,0.02,Completed,980.8074
1034,3,2024-11-28,Highlander,39072.34,0.03,Completed,1172.1701999999998
1035,18,2024-11-16,Tundra,41732.11,0.02,Completed,834.6422
1036,17,2024-11-19,Tundra,46557.0,,Cancelled,0.0
1037,1,2024-11-17,Camry,27964.3,0.05,Completed,1398.2150000000001
1038,11,2024-11-04,Camry,28416.71,0.05,Completed,1420.8355000000001
1039,13,2024-11-20,Tundra,49756.17,0.03,Completed,1492.6851
1040,13,2024-11-23,Highlander,39307.34,0.05,Completed,1965.367
1041,20,2024-11-18,RAV4,32918.21,0.02,Cancelled,658.3642
1042,14,2024-11-20,Tacoma,34433.24,,Completed,0.0
1043,6,2024-11-11,Tundra,43366.38,0.05,Completed,2168.319
1044,10,2024-11-14,Corolla,24232.93,0.02,Completed,484.65860000000004
1045,7,2024-11-26,RAV4,34331.35,0.03,Completed,1029.9405
1046,12,2024-11-23,Tundra,45819.77,0.05,Completed,2290.9885
1047,17,2024-11-18,Tacoma,34715.19,0.02,Pending,694.3038
1048,5,2024-11-10,Tundra,40194.83,0.05,Completed,2009.7415
1049,8,2024-11-26,Camry,29266.76,,Completed,0.0
1050,16,2024-11-02,Tundra,41617.01,0.05,Completed,2080.8505
1051,6,2024-11-10,Tundra,47088.4,,Completed,0.0
1052,14,2024-11-29,Camry,26461.75,0.02,Completed,529.235
1053,18,2024-11-15,Tundra,37095.85,0.03,Completed,1112.8754999999999
1054,10,2024-11-04,RAV4,28243.1,0.03,Completed,847.2929999999999
1055,2,2024-11-08,RAV4,30028.74,0.03,Completed,900.8622
1056,1,2024-11-27,Camry,27447.02,0.03,Completed,823.4105999999999
1057,14,2024-11-07,Tacoma,38868.81,0.03,Completed,1166.0642999999998
1058,1,2024-11-25,Corolla,22128.06,0.03,Pending,663.8418
1059,15,2024-11-11,Highlander,37012.02,0.03,Completed,1110.3605999999997
1060,17,2024-11-30,Tacoma,38946.3,0.03,Completed,1168.3890000000001
1061,19,2024-11-09,Tacoma,34981.35,,Completed,0.0
1062,12,2024-11-12,Highlander,36546.36,0.02,Completed,730.9272
1063,13,2024-11-21,Corolla,24374.72,,Pending,0.0
1064,6,2024-11-05,RAV4,28462.73,,Pending,0.0
1065,3,2024-11-10,Camry,26476.93,0.02,Completed,529.5386
1066,1,2024-11-09,Camry,27129.92,0.03,Completed,813.8975999999999
1067,13,2024-11-19,RAV4,34855.69,0.03,Cancelled,1045.6707000000001
1068,16,2024-11-18,Highlander,39164.13,,Completed,0.0
1069,18,2024-11-16,Camry,26159.05,0.05,Completed,1307.9525
1070,18,2024-11-13,Tundra,35159.92,0.02,Pending,703.1984
1071,4,2024-11-03,RAV4,27013.86,0.03,Completed,810.4158
1072,5,2024-11-10,Tacoma,38737.0,0.02,Completed,774.74
1073,20,2024-11-15,RAV4,34102.96,0.05,Pending,1705.1480000000001
1074,14,2024-11-23,Corolla,24816.6,0.05,Completed,1240.83
1075,5,2024-11-12,Tacoma,36588.9,,Completed,0.0
1076,6,2024-11-13,Corolla,23319.34,0.05,Completed,1165.967
1077,15,2024-11-26,Tacoma,37153.2,0.05,Completed,1857.6599999999999
1078,11,2024-11-06,Tundra,41145.71,0.05,Completed,2057.2855
1079,13,2024-11-19,Highlander,38801.58,0.02,Pending,776.0316
1080,6,2024-11-03,Highlander,36014.55,0.05,Completed,1800.7275000000002
1081,8,2024-11-27,Corolla,21055.68,0.05,Completed,1052.784
1082,2,2024-11-24,Tacoma,36747.51,,Completed,0.0
1083,16,2024-11-29,RAV4,31216.05,,Completed,0.0
1084,12,2024-11-25,Tacoma,36317.4,0.03,Completed,1089.522
1085,2,2024-11-26,Camry,28709.55,0.05,Pending,1435.4775
1086,9,2024-11-29,Camry,25736.6,,Completed,0.0
1087,1,2024-11-23,Tacoma,33616.74,0.02,Completed,672.3348
1088,1,2024-11-13,Camry,27997.7,0.02,Completed,559.9540000000001
1089,18,2024-11-20,Highlander,36995.61,0.02,Completed,739.9122
1090,20,2024-11-26,Corolla,20765.92,,Cancelled,0.0
1091,1,2024-11-13,RAV4,34067.95,0.03,Completed,1022.0384999999999
1092,7,2024-11-05,RAV4,27455.84,0.05,Pending,1372.7920000000001
1093,20,2024-11-19,RAV4,30458.49,,Completed,0.0
1094,15,2024-11-08,Corolla,24710.71,0.03,Pending,741.3213
1095,5,2024-11-02,Camry,25434.55,,Completed,0.0
1096,3,2024-11-06,Camry,28503.05,0.03,Completed,855.0915
1097,19,2024-11-26,Camry,29268.39,,Pending,0.0
1098,10,2024-11-10,Corolla,20257.51,,Completed,0.0
1099,20,2024-11-26,Corolla,20102.73,0.03,Completed,603.0819
1100,5,2024-11-10,Corolla,20590.19,0.05,Pending,1029.5095
1101,3,2024-11-12,Camry,28573.57,,Completed,0.0
1102,8,2024-11-10,RAV4,31084.65,0.02,Completed,621.6930000000001
1103,12,2024-11-17,Tundra,45353.37,0.03,Completed,1360.6011
1104,2,2024-11-07,Tundra,35679.36,0.02,Pending,713.5872
1105,10,2024-11-10,Tundra,36296.36,0.05,Completed,1814.8180000000002
1106,5,2024-11-10,Tundra,40772.29,,Completed,0.0
1107,18,2024-11-13,RAV4,29027.2,0.02,Completed,580.544
1108,4,2024-11-07,Camry,25562.43,0.02,Pending,511.2486
1109,19,2024-11-28,Corolla,24582.26,0.05,Completed,1229.113
1110,12,2024-11-09,Tundra,41936.15,0.02,Completed,838.7230000000001
1111,8,2024-11-12,Highlander,41103.52,0.02,Completed,822.0704
1112,8,2024-11-12,Camry,29153.12,,Pending,0.0
1113,16,2024-11-23,Corolla,23824.51,0.03,Cancelled,714.7352999999999
1114,1,2024-11-23,RAV4,33511.47,0.05,Completed,1675.5735000000002
1115,14,2024-11-25,Camry,29130.47,0.03,Pending,873.9141
1116,6,2024-11-24,Corolla,23696.85,0.02,Completed,473.93699999999995
1117,2,2024-11-14,Tacoma,36244.64,0.02,Completed,724.8928
1118,11,2024-11-04,Highlander,41349.82,0.05,Cancelled,2067.491
1119,12,2024-11-05,Highlander,39999.67,0.03,Pending,1199.9901
1120,11,2024-11-24,Camry,29020.2,0.02,Completed,580.404
1121,4,2024-11-24,Corolla,21834.54,0.03,Completed,655.0362
1122,6,2024-11-04,Tacoma,34923.93,0.03,Completed,1047.7178999999999
1123,4,2024-11-19,Tacoma,33074.39,0.03,Completed,992.2316999999999
1124,13,2024-11-12,Highlander,38362.46,0.03,Pending,1150.8737999999998
1125,17,2024-11-12,Corolla,23217.72,0.05,Completed,1160.8860000000002
1126,16,2024-11-22,Camry,27645.9,0.05,Completed,1382.295
1127,19,2024-11-11,Tacoma,31249.98,0.05,Pending,1562.499
1128,14,2024-11-21,Highlander,39151.17,0.02,Completed,783.0234
1129,5,2024-11-29,Tundra,42182.26,0.02,Cancelled,843.6452
1130,8,2024-11-04,Camry,26802.43,0.02,Cancelled,536.0486
1131,4,2024-11-29,Corolla,21638.96,0.03,Pending,649.1687999999999
1132,18,2024-11-07,Highlander,43215.08,0.05,Pending,2160.7540000000004
1133,18,2024-11-13,RAV4,29329.35,0.05,Completed,1466.4675
1134,4,2024-11-22,Tacoma,32676.08,,Pending,0.0
1135,1,2024-11-15,Highlander,44181.53,,Completed,0.0
1136,6,2024-11-01,Camry,27908.12,0.02,Completed,558.1624
1137,16,2024-11-03,Camry,28917.1,,Completed,0.0
1138,3,2024-11-10,Highlander,35360.22,0.03,Completed,1060.8066
1139,2,2024-11-11,Camry,27746.89,0.02,Completed,554.9378
1140,11,2024-11-01,RAV4,34596.69,,Completed,0.0
1141,8,2024-11-01,Tacoma,39741.88,0.03,Completed,1192.2564
1142,17,2024-11-05,Tundra,36892.63,0.03,Pending,1106.7788999999998
1143,4,2024-11-14,Highlander,37204.18,0.02,Pending,744.0836
1144,20,2024-11-24,Corolla,21242.24,0.03,Cancelled,637.2672
1145,19,2024-11-14,Tacoma,32403.68,0.05,Completed,1620.1840000000002
1146,18,2024-11-13,Tundra,42385.1,0.03,Completed,1271.5529999999999
1147,20,2024-11-08,Tundra,46058.71,0.05,Completed,2302.9355
1148,7,2024-11-19,Corolla,24607.43,0.05,Completed,1230.3715000000002
1149,13,2024-11-08,RAV4,32888.02,,Cancelled,0.0
1150,5,2024-11-26,Highlander,43294.28,,Cancelled,0.0
1151,16,2024-11-09,RAV4,32671.29,0.02,Completed,653.4258
1152,15,2024-11-25,Corolla,21746.66,0.03,Completed,652.3998
1153,9,2024-11-12,Camry,26767.93,0.03,Completed,803.0378999999999
1154,9,2024-11-20,Corolla,24652.26,0.05,Pending,1232.613
1155,12,2024-11-02,Tundra,46853.62,0.02,Completed,937.0724
1156,9,2024-11-30,Corolla,22804.53,,Cancelled,0.0
1157,15,2024-11-21,Highlander,42644.37,0.02,Completed,852.8874000000001
1158,20,2024-11-04,Camry,29192.87,0.05,Completed,1459.6435000000001
1159,7,2024-11-14,Tundra,46201.57,,Completed,0.0
1160,15,2024-11-08,Camry,28896.83,0.02,Completed,577.9366
1161,18,2024-11-08,RAV4,30312.61,0.05,Completed,1515.6305000000002
1162,10,2024-11-17,Highlander,41018.52,,Completed,0.0
1163,2,2024-11-09,Tacoma,31789.28,0.05,Completed,1589.464
1164,14,2024-11-21,Camry,28974.89,0.03,Completed,869.2466999999999
1165,20,2024-11-14,Tundra,48334.41,,Pending,0.0
1166,9,2024-11-12,Tacoma,37048.3,,Pending,0.0
1167,10,2024-11-25,RAV4,31539.84,0.03,Completed,946.1952
1168,1,2024-11-01,Tundra,41567.75,0.02,Pending,831.355
1169,2,2024-11-04,RAV4,34536.67,0.02,Completed,690.7334
1170,15,2024-11-11,Tundra,42761.49,0.05,Pending,2138.0745
1171,19,2024-11-18,Camry,29679.26,,Completed,0.0
1172,10,2024-11-11,RAV4,33819.28,0.05,Pending,1690.964
1173,16,2024-11-28,Highlander,39840.37,0.03,Completed,1195.2111
1174,8,2024-11-05,RAV4,28311.56,,Completed,0.0
1175,6,2024-11-26,Corolla,23468.41,0.03,Completed,704.0523
1176,18,2024-11-26,Camry,28572.39,0.05,Pending,1428.6195
1177,14,2024-11-07,Tacoma,33716.3,0.03,Cancelled,1011.489
1178,1,2024-11-09,Highlander,39335.32,0.03,Completed,1180.0596
1179,8,2024-11-06,Highlander,39199.8,0.05,Completed,1959.9900000000002
1180,20,2024-11-02,Camry,28001.25,,Completed,0.0
1181,9,2024-11-14,Camry,25261.42,,Cancelled,0.0
1182,10,2024-11-08,Camry,29286.81,0.03,Cancelled,878.6043
1183,2,2024-11-06,Tundra,42083.44,0.02,Completed,841.6688
1184,1,2024-11-20,RAV4,34454.32,,Cancelled,0.0
1185,4,2024-11-23,Tacoma,36280.54,0.03,Completed,1088.4162
1186,16,2024-11-20,Tacoma,38898.82,0.03,Completed,1166.9646
1187,6,2024-11-17,Corolla,20279.88,,Pending,0.0
1188,11,2024-11-15,Camry,25507.33,,Completed,0.0
1189,20,2024-11-23,Corolla,23757.26,0.05,Completed,1187.863
1190,3,2024-11-07,Highlander,38656.08,,Cancelled,0.0
1191,1,2024-11-07,Tacoma,34269.02,0.02,Pending,685.3803999999999
1192,14,2024-11-25,RAV4,28741.39,,Completed,0.0
1193,16,2024-11-08,Tacoma,32512.27,0.03,Completed,975.3681
1194,10,2024-11-06,Camry,29400.86,,Completed,0.0
1195,17,2024-11-18,Camry,29789.65,,Pending,0.0
1196,2,2024-11-29,Corolla,24429.2,,Completed,0.0
1197,12,2024-11-24,RAV4,29543.07,0.03,Completed,886.2921
1198,17,2024-11-11,Corolla,20901.18,0.03,Cancelled,627.0354
1199,9,2024-11-01,Tundra,38460.48,0.03,Pending,1153.8144
1200,9,2024-11-08,Highlander,44680.16,0.02,Completed,893.6032000000001
1201,4,2024-11-28,Corolla,20342.27,0.03,Completed,610.2681
1202,15,2024-11-20,Camry,25486.31,0.05,Completed,1274.3155000000002
1203,3,2024-11-06,Tacoma,35010.72,0.03,Completed,1050.3216
1204,7,2024-11-15,Camry,25794.73,0.05,Completed,1289.7365
1205,12,2024-11-19,Camry,29471.63,0.03,Completed,884.1489
1206,13,2024-11-11,Camry,25175.51,0.03,Completed,755.2652999999999
1207,4,2024-11-23,RAV4,27061.71,0.05,Completed,1353.0855000000001
1208,8,2024-11-30,Corolla,23518.27,0.03,Completed,705.5481
1209,10,2024-11-08,Tacoma,31852.85,0.05,Completed,1592.6425
1210,11,2024-11-12,Corolla,22274.42,,Pending,0.0
1211,2,2024-11-29,RAV4,31515.12,0.03,Completed,945.4535999999999
1212,14,2024-11-06,Highlander,42252.69,,Completed,0.0
1213,5,2024-11-13,Corolla,22013.96,0.05,Completed,1100.698
1214,19,2024-11-29,Camry,25427.68,,Completed,0.0
1215,4,2024-11-18,Highlander,36270.82,0.03,Completed,1088.1245999999999
1216,16,2024-11-30,Tundra,42152.26,0.03,Completed,1264.5678
1217,1,2024-11-16,Tundra,44271.98,0.05,Pending,2213.599
1218,7,2024-11-30,Corolla,22063.1,0.03,Completed,661.8929999999999
1219,5,2024-11-23,Highlander,41327.06,0.03,Pending,1239.8118
1220,19,2024-11-09,Highlander,37641.64,0.05,Completed,1882.082
1221,3,2024-11-11,Camry,28060.42,0.03,Completed,841.8125999999999
1222,14,2024-11-19,Tundra,40751.55,0.02,Completed,815.0310000000001
1223,10,2024-11-22,Corolla,23870.38,,Completed,0.0
1224,7,2024-11-29,Camry,26903.84,,Pending,0.0
1225,7,2024-11-15,RAV4,27900.29,0.03,Completed,837.0087
1226,18,2024-11-02,Highlander,42332.45,0.02,Completed,846.649
1227,17,2024-11-24,Tundra,49245.78,0.03,Completed,1477.3734
1228,3,2024-11-30,RAV4,29006.54,0.02,Completed,580.1308
1229,18,2024-11-29,Corolla,20605.21,,Completed,0.0
1230,18,2024-11-29,Tundra,44316.02,0.02,Completed,886.3204
1231,16,2024-11-30,Corolla,22156.23,0.02,Completed,443.1246
1232,15,2024-11-24,Tacoma,38830.17,,Pending,0.0
1233,13,2024-11-12,RAV4,32108.74,0.02,Completed,642.1748
1234,18,2024-11-13,Corolla,23021.38,,Pending,0.0
1235,7,2024-11-30,Tundra,43525.5,0.03,Cancelled,1305.7649999999999
1236,13,2024-11-13,Highlander,37907.35,0.03,Completed,1137.2205
1237,3,2024-11-02,Tundra,47348.64,0.02,Completed,946.9728
1238,8,2024-11-07,Corolla,23886.67,0.02,Pending,477.73339999999996
1239,17,2024-11-27,Camry,25693.26,,Completed,0.0
1240,16,2024-11-28,Highlander,44835.16,,Completed,0.0
1241,2,2024-11-26,Corolla,24420.62,0.03,Completed,732.6185999999999
1242,8,2024-11-19,Camry,25079.89,,Pending,0.0
1243,2,2024-11-03,RAV4,32952.23,0.02,Pending,659.0446000000001
1244,14,2024-11-26,Camry,26873.0,0.05,Pending,1343.65
1245,15,2024-11-07,Tacoma,30526.04,0.05,Completed,1526.3020000000001
1246,3,2024-11-06,RAV4,27110.46,0.02,Pending,542.2092
1247,11,2024-11-07,Highlander,38209.38,0.02,Completed,764.1876
1248,5,2024-11-21,Highlander,38345.94,,Completed,0.0
1249,2,2024-11-30,Tacoma,38049.05,0.02,Completed,760.9810000000001
1250,3,2024-11-09,Corolla,22722.92,0.03,Completed,681.6876
1251,2,2024-11-09,Tundra,35689.96,0.03,Completed,1070.6988
1252,11,2024-11-27,Tundra,36489.49,0.05,Completed,1824.4745
1253,16,2024-11-11,Camry,28219.59,,Completed,0.0
1254,6,2024-11-10,RAV4,34749.37,,Completed,0.0
1255,11,2024-11-20,Corolla,23457.78,,Completed,0.0
1256,17,2024-11-21,Tacoma,30344.94,,Completed,0.0
1257,7,2024-11-13,Tacoma,30072.96,0.05,Pending,1503.6480000000001
1258,1,2024-11-19,Highlander,39175.89,0.02,Cancelled,783.5178
1259,2,2024-11-20,RAV4,31476.42,0.03,Pending,944.2925999999999
1260,1,2024-11-25,RAV4,27931.9,0.02,Pending,558.638
1261,8,2024-11-24,Tacoma,33470.74,0.05,Completed,1673.537
1262,20,2024-11-08,Highlander,40908.11,,Completed,0.0
1263,4,2024-11-21,Highlander,43368.57,0.02,Completed,867.3714
1264,4,2024-11-02,Corolla,22974.62,0.05,Pending,1148.731
1265,11,2024-11-28,Highlander,40598.91,,Completed,0.0
1266,12,2024-11-20,Camry,27489.04,,Pending,0.0
1267,16,2024-11-04,RAV4,30267.79,0.02,Completed,605.3558
1268,3,2024-11-17,RAV4,31812.36,0.03,Cancelled,954.3708
1269,19,2024-11-07,Camry,27731.11,0.03,Pending,831.9333
1270,9,2024-11-15,Tacoma,37688.32,,Completed,0.0
1271,2,2024-11-15,Tundra,43894.38,0.03,Pending,1316.8313999999998
1272,19,2024-11-26,Tundra,46187.81,0.05,Completed,2309.3905
1273,6,2024-11-13,Camry,28471.97,0.05,Completed,1423.5985
1274,18,2024-11-10,Corolla,24159.14,0.05,Completed,1207.957
1275,12,2024-11-11,Highlander,42715.69,0.03,Completed,1281.4707
1276,6,2024-11-06,RAV4,29090.97,0.05,Completed,1454.5485
1277,5,2024-11-11,Highlander,37182.15,0.03,Pending,1115.4645
1278,19,2024-11-04,Highlander,43188.9,0.02,Completed,863.778
1279,6,2024-11-27,Highlander,36851.68,0.05,Completed,1842.584
1280,15,2024-11-21,Corolla,23156.09,0.03,Completed,694.6827
1281,9,2024-11-06,Tundra,39400.51,0.03,Completed,1182.0153
1282,10,2024-11-09,Corolla,23099.44,0.03,Completed,692.9831999999999
1283,4,2024-11-07,Camry,29916.78,0.02,Completed,598.3356
1284,3,2024-11-24,Tacoma,35001.63,0.05,Completed,1750.0815
1285,1,2024-11-30,Tacoma,33524.13,0.03,Completed,1005.7238999999998
1286,13,2024-11-07,RAV4,29382.26,0.02,Completed,587.6451999999999
1287,20,2024-11-16,RAV4,30802.78,0.03,Completed,924.0834
1288,17,2024-11-19,Corolla,23608.25,0.03,Cancelled,708.2475
1289,1,2024-11-13,Camry,26678.36,0.05,Completed,1333.9180000000001
1290,13,2024-11-22,Camry,26773.17,0.03,Completed,803.1950999999999
1291,17,2024-11-14,Corolla,21022.02,0.05,Completed,1051.101
1292,12,2024-11-13,Corolla,24022.86,0.03,Pending,720.6858
1293,5,2024-11-14,RAV4,27199.17,0.05,Pending,1359.9585
1294,15,2024-11-21,Tacoma,38194.15,0.03,Completed,1145.8245
1295,11,2024-11-01,Camry,29775.94,0.05,Completed,1488.797
1296,19,2024-11-26,Camry,25083.8,,Completed,0.0
1297,20,2024-11-05,RAV4,33020.35,,Completed,0.0
1298,16,2024-11-07,Camry,27709.55,,Completed,0.0
1299,12,2024-11-10,Highlander,41933.71,0.05,Completed,2096.6855
1300,16,2024-11-23,Highlander,38189.24,,Completed,0.0
1301,12,2024-11-21,Tundra,35114.87,,Completed,0.0
1302,17,2024-11-26,RAV4,31323.5,0.02,Completed,626.47
1303,6,2024-11-08,Highlander,39615.09,0.03,Completed,1188.4526999999998
1304,2,2024-11-15,RAV4,33358.3,0.03,Pending,1000.749
1305,12,2024-11-06,Tacoma,38039.67,0.02,Completed,760.7934
1306,3,2024-11-19,Corolla,24714.85,0.03,Pending,741.4454999999999
1307,20,2024-11-11,Highlander,37620.92,0.02,Completed,752.4184
1308,5,2024-11-21,Tundra,41312.2,,Cancelled,0.0
1309,11,2024-11-15,Tacoma,35650.83,0.05,Completed,1782.5415000000003
1310,5,2024-11-26,Corolla,21697.1,0.02,Completed,433.942
1311,2,2024-11-28,Tundra,39698.86,0.03,Completed,1190.9658
1312,6,2024-11-24,Tacoma,31580.57,0.05,Pending,1579.0285000000001
1313,18,2024-11-15,RAV4,28281.89,0.02,Pending,565.6378
1314,11,2024-11-08,RAV4,32935.14,0.03,Completed,988.0541999999999
1315,19,2024-11-13,Corolla,20405.77,0.02,Completed,408.1154
1316,3,2024-11-16,Tundra,49466.01,,Completed,0.0
1317,7,2024-11-28,RAV4,34136.37,0.03,Completed,1024.0911
1318,2,2024-11-13,Highlander,44744.84,0.05,Completed,2237.2419999999997
1319,20,2024-11-12,Tacoma,36355.56,0.02,Completed,727.1111999999999
1320,4,2024-11-22,Corolla,22524.35,0.02,Completed,450.48699999999997
1321,14,2024-11-02,RAV4,28195.88,0.03,Completed,845.8764
1322,17,2024-11-06,Camry,26108.5,0.03,Completed,783.255
1323,4,2024-11-27,Camry,27020.99,,Pending,0.0
1324,20,2024-11-05,Corolla,23403.49,0.02,Completed,468.06980000000004
1325,19,2024-11-11,Tundra,40678.34,,Pending,0.0
1326,8,2024-11-26,Corolla,22716.33,0.05,Completed,1135.8165000000001
1327,2,2024-11-12,Tundra,44527.95,0.02,Completed,890.559
1328,18,2024-11-01,Camry,26900.13,0.02,Completed,538.0026
1329,1,2024-11-13,Highlander,35519.76,0.03,Completed,1065.5928000000001
1330,7,2024-11-18,Highlander,40723.8,,Completed,0.0
1331,7,2024-11-11,Highlander,44750.11,0.03,Completed,1342.5033
1332,15,2024-11-11,Highlander,37491.32,0.03,Completed,1124.7395999999999
1333,18,2024-11-28,Highlander,38333.5,0.03,Completed,1150.0049999999999
1334,11,2024-11-23,Camry,25982.75,0.03,Completed,779.4825
1335,19,2024-11-22,RAV4,27787.35,0.02,Completed,555.747
1336,15,2024-11-08,Highlander,44812.73,0.05,Pending,2240.6365
1337,8,2024-11-17,Corolla,21096.74,0.02,Completed,421.93480000000005
1338,2,2024-11-12,RAV4,29190.21,0.02,Completed,583.8042
1339,10,2024-11-18,Tacoma,38162.08,0.03,Completed,1144.8624
1340,17,2024-11-02,Corolla,21167.29,0.03,Completed,635.0187
1341,12,2024-11-07,Tacoma,36624.54,0.03,Completed,1098.7362
1342,2,2024-11-21,Corolla,21450.29,0.02,Pending,429.0058
1343,3,2024-11-16,Corolla,21570.63,0.03,Completed,647.1189
1344,6,2024-11-21,Tundra,45009.6,0.03,Completed,1350.288
1345,20,2024-11-17,Corolla,20290.3,0.05,Completed,1014.515
1346,18,2024-11-16,Corolla,20854.2,0.02,Completed,417.084
1347,8,2024-11-16,RAV4,29042.48,,Pending,0.0
1348,13,2024-11-18,Highlander,40293.57,0.05,Completed,2014.6785
1349,8,2024-11-19,Highlander,40245.59,0.03,Completed,1207.3676999999998
1350,19,2024-11-02,Highlander,41010.6,0.05,Completed,2050.53
1351,9,2024-11-14,Highlander,40783.48,0.05,Completed,2039.1740000000002
1352,13,2024-11-10,RAV4,28873.04,0.03,Completed,866.1912
1353,4,2024-11-04,Camry,28218.18,0.05,Completed,1410.909
1354,18,2024-11-24,Corolla,20573.94,0.02,Completed,411.4788
1355,20,2024-11-14,Camry,29390.97,0.02,Pending,587.8194000000001
1356,10,2024-11-22,Corolla,22335.95,,Pending,0.0
1357,1,2024-11-09,RAV4,28397.5,0.03,Completed,851.925
1358,7,2024-11-30,Highlander,40789.06,,Completed,0.0
1359,15,2024-11-30,Highlander,38677.06,0.03,Completed,1160.3118
1360,15,2024-11-03,Highlander,43056.81,,Completed,0.0
1361,14,2024-11-17,RAV4,28453.1,0.05,Completed,1422.655
1362,1,2024-11-22,Corolla,20447.78,,Completed,0.0
1363,19,2024-11-05,Camry,27101.8,0.05,Completed,1355.0900000000001
1364,4,2024-11-02,Tacoma,34469.57,,Pending,0.0
1365,13,2024-11-17,Tacoma,39681.33,0.05,Completed,1984.0665000000001
1366,16,2024-11-09,Camry,28440.45,0.05,Pending,1422.0225
1367,16,2024-11-23,Corolla,21070.78,0.03,Completed,632.1234
1368,17,2024-11-05,Highlander,36419.71,,Completed,0.0
1369,9,2024-11-19,Tundra,41165.82,0.05,Completed,2058.291
1370,7,2024-11-17,Tacoma,30364.09,0.05,Completed,1518.2045
1371,13,2024-11-22,Tacoma,35274.3,0.03,Pending,1058.229
1372,7,2024-11-15,RAV4,33793.1,0.03,Completed,1013.7929999999999
1373,6,2024-11-21,Camry,27585.61,0.05,Completed,1379.2805
1374,10,2024-11-24,Highlander,41517.08,0.02,Completed,830.3416000000001
1375,17,2024-11-15,RAV4,29852.65,0.02,Completed,597.053
1376,12,2024-11-13,Highlander,40178.76,0.02,Completed,803.5752000000001
1377,13,2024-11-23,Corolla,21646.91,0.02,Completed,432.9382
1378,9,2024-11-18,Camry,25409.6,0.03,Completed,762.2879999999999
1379,17,2024-11-01,RAV4,32200.74,0.05,Completed,1610.0370000000003
1380,20,2024-11-21,Corolla,21639.52,0.02,Completed,432.79040000000003
1381,15,2024-11-14,Highlander,39025.7,,Completed,0.0
1382,14,2024-11-09,Camry,26063.06,0.03,Completed,781.8918
1383,11,2024-11-07,RAV4,32266.16,,Pending,0.0
1384,18,2024-11-09,Tacoma,37968.16,0.02,Pending,759.3632000000001
1385,14,2024-11-06,RAV4,29479.26,,Pending,0.0
1386,6,2024-11-13,Highlander,44301.59,0.02,Pending,886.0318
1387,2,2024-11-05,RAV4,30979.29,0.05,Completed,1548.9645
1388,15,2024-11-21,Corolla,20139.69,0.03,Pending,604.1907
1389,1,2024-11-05,Corolla,23992.54,0.03,Pending,719.7762
1390,14,2024-11-09,Camry,25497.42,,Completed,0.0
1391,10,2024-11-12,Tacoma,37174.78,0.03,Completed,1115.2433999999998
1392,11,2024-11-19,Corolla,24354.13,0.05,Completed,1217.7065
1393,18,2024-11-07,Highlander,41090.4,0.02,Completed,821.808
1394,3,2024-11-14,Tundra,43801.99,,Completed,0.0
1395,2,2024-11-21,RAV4,33169.7,,Completed,0.0
1396,5,2024-11-03,Highlander,36675.72,0.05,Completed,1833.786
1397,2,2024-11-21,Highlander,41598.88,0.03,Completed,1247.9663999999998
1398,4,2024-11-22,Corolla,23893.6,,Pending,0.0
1399,8,2024-11-28,RAV4,30440.13,0.05,Pending,1522.0065000000002
1400,7,2024-11-17,Camry,26530.86,,Completed,0.0
1401,11,2024-11-01,Highlander,40400.17,0.03,Completed,1212.0050999999999
1402,16,2024-11-01,Camry,25528.28,0.05,Completed,1276.414
1403,11,2024-11-20,Corolla,20705.85,0.03,Completed,621.1754999999999
1404,5,2024-11-07,Tundra,40194.56,0.05,Pending,2009.728
1405,1,2024-11-24,Highlander,35642.75,0.05,Completed,1782.1375
1406,8,2024-11-10,Tundra,49277.26,,Completed,0.0
1407,15,2024-11-12,Corolla,20418.02,0.02,Completed,408.3604
1408,20,2024-11-08,Corolla,21696.37,0.05,Completed,1084.8185
1409,20,2024-11-28,RAV4,29015.25,0.02,Cancelled,580.3050000000001
1410,13,2024-11-24,Tundra,42610.58,0.03,Completed,1278.3174
1411,15,2024-11-16,RAV4,27379.85,0.03,Cancelled,821.3955
1412,20,2024-11-05,Tundra,42672.13,0.02,Completed,853.4426
1413,9,2024-11-28,Tacoma,34986.09,,Completed,0.0
1414,11,2024-11-09,Tundra,42182.78,0.05,Completed,2109.139
1415,14,2024-11-02,Corolla,22663.99,0.03,Completed,679.9197
1416,17,2024-11-08,Highlander,43958.25,0.02,Completed,879.165
1417,8,2024-11-30,RAV4,30749.41,0.05,Completed,1537.4705000000001
1418,3,2024-11-23,Tacoma,33988.07,0.03,Completed,1019.6420999999999
1419,10,2024-11-14,Camry,29174.67,0.03,Completed,875.2400999999999
1420,10,2024-11-01,RAV4,29990.42,,Pending,0.0
1421,1,2024-11-05,Camry,25296.13,0.03,Pending,758.8839
1422,19,2024-11-06,Tacoma,30539.36,0.05,Completed,1526.968
1423,15,2024-11-11,Highlander,36352.27,0.05,Pending,1817.6135
1424,3,2024-11-23,Highlander,44869.91,0.05,Completed,2243.4955000000004
1425,7,2024-11-18,Corolla,24658.4,0.02,Completed,493.16800000000006
1426,19,2024-11-09,RAV4,33936.87,0.02,Pending,678.7374000000001
1427,8,2024-11-11,Tundra,42101.56,,Pending,0.0
1428,12,2024-11-13,Tundra,37707.4,0.05,Completed,1885.3700000000001
1429,4,2024-11-16,RAV4,28266.29,0.03,Completed,847.9887
1430,4,2024-11-30,RAV4,28179.1,,Completed,0.0
1431,4,2024-11-18,RAV4,29171.99,,Completed,0.0
1432,2,2024-11-25,Highlander,35622.33,0.05,Completed,1781.1165
1433,1,2024-11-06,RAV4,28553.7,0.02,Completed,571.0740000000001
1434,10,2024-11-14,Camry,27915.24,0.03,Completed,837.4572000000001
1435,10,2024-11-22,Tundra,41903.26,0.03,Pending,1257.0978
1436,17,2024-11-19,RAV4,33042.1,,Completed,0.0
1437,14,2024-11-20,Camry,25961.92,,Pending,0.0
1438,10,2024-11-27,Highlander,42521.03,0.03,Cancelled,1275.6308999999999
1439,9,2024-11-16,Highlander,42584.15,,Completed,0.0
1440,2,2024-11-04,Tacoma,31456.81,0.05,Completed,1572.8405000000002
1441,1,2024-11-28,Tacoma,34320.18,0.02,Pending,686.4036
1442,14,2024-11-06,Tundra,40673.79,0.03,Completed,1220.2137
1443,15,2024-11-10,Tundra,37656.95,0.02,Pending,753.139
1444,6,2024-11-12,Camry,25318.76,0.05,Pending,1265.938
1445,3,2024-11-25,Tundra,49775.49,,Completed,0.0
1446,6,2024-11-30,RAV4,31286.26,0.05,Completed,1564.313
1447,4,2024-11-16,Highlander,39046.51,0.05,Completed,1952.3255000000001
1448,14,2024-11-08,Tacoma,35387.48,0.05,Completed,1769.3740000000003
1449,14,2024-11-08,Camry,29588.77,0.05,Completed,1479.4385000000002
1450,12,2024-11-28,Camry,27694.75,0.02,Cancelled,553.895
1451,2,2024-11-10,Tacoma,31321.92,,Completed,0.0
1452,19,2024-11-14,Tundra,48705.42,0.03,Pending,1461.1625999999999
1453,7,2024-11-08,Camry,27244.36,0.03,Completed,817.3308
1454,2,2024-11-26,RAV4,30656.69,0.03,Completed,919.7007
1455,8,2024-11-20,Camry,26667.15,0.05,Pending,1333.3575
1456,12,2024-11-14,Tundra,37341.37,0.05,Completed,1867.0685000000003
1457,1,2024-11-10,Tacoma,37640.97,,Completed,0.0
1458,12,2024-11-19,Camry,26790.46,0.03,Pending,803.7138
1459,20,2024-11-06,Tacoma,36901.68,0.05,Completed,1845.084
1460,7,2024-11-09,Tacoma,35530.6,0.03,Completed,1065.918
1461,11,2024-11-21,RAV4,27293.03,0.03,Cancelled,818.7909
1462,20,2024-11-15,Camry,26174.19,0.05,Completed,1308.7095
1463,15,2024-11-22,Tacoma,38589.93,0.02,Pending,771.7986000000001
1464,4,2024-11-11,Tacoma,35165.39,0.02,Completed,703.3078
1465,19,2024-11-12,Camry,28452.44,0.05,Completed,1422.622
1466,17,2024-11-19,Corolla,23418.2,0.02,Completed,468.36400000000003
1467,13,2024-11-08,Camry,29866.01,0.05,Pending,1493.3005
1468,7,2024-11-27,Tundra,38705.29,0.05,Completed,1935.2645000000002
1469,6,2024-11-03,RAV4,34587.89,,Completed,0.0
1470,3,2024-11-26,RAV4,32418.44,,Completed,0.0
1471,5,2024-11-29,RAV4,27321.66,0.03,Pending,819.6497999999999
1472,7,2024-11-15,RAV4,30106.86,0.05,Completed,1505.343
1473,15,2024-11-13,Corolla,22310.18,0.02,Completed,446.2036
1474,3,2024-11-18,RAV4,33579.67,0.02,Completed,671.5934
1475,17,2024-11-22,RAV4,32621.75,0.03,Completed,978.6524999999999
1476,1,2024-11-28,Tacoma,32765.47,0.05,Completed,1638.2735000000002
1477,12,2024-11-16,Tundra,41404.58,0.05,Completed,2070.2290000000003
1478,10,2024-11-17,Highlander,43560.32,0.03,Cancelled,1306.8096
1479,10,2024-11-22,Corolla,20466.11,,Completed,0.0
1480,14,2024-11-04,Tacoma,39110.98,,Completed,0.0
1481,5,2024-11-18,RAV4,28082.07,0.05,Completed,1404.1035000000002
1482,15,2024-11-10,Tundra,49785.51,0.05,Completed,2489.2755
1483,16,2024-11-27,Tacoma,34533.65,,Completed,0.0
1484,1,2024-11-07,Camry,25309.87,0.03,Pending,759.2960999999999
1485,5,2024-11-25,Camry,29135.37,0.02,Completed,582.7074
1486,2,2024-11-15,Camry,27229.48,0.05,Completed,1361.4740000000002
1487,18,2024-11-16,Corolla,22871.56,0.05,Completed,1143.5780000000002
1488,19,2024-11-12,Highlander,37968.78,0.02,Completed,759.3756
1489,10,2024-11-27,Corolla,24514.11,0.02,Pending,490.28220000000005
1490,16,2024-11-06,RAV4,34305.83,0.02,Pending,686.1166000000001
1491,12,2024-11-05,RAV4,32463.62,0.05,Pending,1623.181
1492,14,2024-11-09,Highlander,36946.82,0.05,Completed,1847.3410000000001
1493,5,2024-11-30,Tacoma,36069.87,0.03,Completed,1082.0961
1494,2,2024-11-30,Highlander,41925.25,0.05,Completed,2096.2625000000003
1495,12,2024-11-08,Corolla,21084.5,0.05,Completed,1054.2250000000001
1496,18,2024-11-05,RAV4,34413.45,0.02,Pending,688.269
1497,13,2024-11-04,Tacoma,33591.93,0.02,Completed,671.8386
1498,11,2024-11-18,Corolla,22247.66,,Pending,0.0
1499,13,2024-11-05,Tacoma,36941.92,0.05,Pending,1847.096
1500,8,2024-11-24,Tacoma,33366.99,0.03,Pending,1001.0097
1501,18,2024-11-05,Tundra,41381.86,0.02,Completed,827.6372
1502,1,2024-11-18,RAV4,27290.01,0.05,Completed,1364.5005
1503,3,2024-11-29,Highlander,41047.98,0.05,Pending,2052.3990000000003
1504,10,2024-11-30,Tundra,45743.25,0.02,Completed,914.865
1505,2,2024-11-06,Tacoma,37943.78,0.02,Completed,758.8756
1506,11,2024-11-21,Camry,28377.93,,Cancelled,0.0
1507,14,2024-11-25,Camry,26752.46,0.05,Completed,1337.623
1508,10,2024-11-14,Camry,25052.06,0.02,Pending,501.04120000000006
1509,7,2024-11-23,Camry,27168.18,0.02,Completed,543.3636
1510,1,2024-11-10,Tundra,44609.97,,Completed,0.0
1511,19,2024-11-15,Tacoma,32823.09,0.02,Pending,656.4617999999999
1512,8,2024-11-30,Tacoma,38503.38,,Pending,0.0
1513,4,2024-11-18,Highlander,38869.5,0.05,Completed,1943.4750000000001
1514,12,2024-11-08,Corolla,20532.8,0.05,Completed,1026.64
1515,1,2024-11-04,Highlander,39423.79,0.05,Completed,1971.1895000000002
1516,10,2024-11-11,Corolla,20968.44,0.05,Completed,1048.422
1517,11,2024-11-20,Corolla,23785.72,,Pending,0.0
1518,5,2024-11-13,Highlander,40169.72,0.05,Completed,2008.486
1519,14,2024-11-02,Tacoma,35847.53,0.03,Pending,1075.4259
1520,4,2024-11-06,Highlander,36100.21,,Completed,0.0
1521,10,2024-11-28,Tundra,46767.55,0.05,Completed,2338.3775
1522,12,2024-11-28,Tacoma,39900.11,0.05,Pending,1995.0055000000002
1523,2,2024-11-25,Tundra,44093.45,0.03,Completed,1322.8034999999998
1524,15,2024-11-16,Highlander,40053.92,0.05,Completed,2002.696
1525,8,2024-11-01,Camry,27229.72,0.05,Pending,1361.486
1526,12,2024-11-23,Highlander,36577.11,0.05,Completed,1828.8555000000001
1527,20,2024-11-20,Tundra,42452.09,0.05,Completed,2122.6045
1528,19,2024-11-11,Camry,28930.33,0.02,Completed,578.6066000000001
1529,4,2024-11-04,RAV4,33970.19,0.03,Completed,1019.1057000000001
1530,4,2024-11-08,Corolla,21854.13,,Completed,0.0
1531,9,2024-11-20,Camry,25328.11,0.03,Completed,759.8433
1532,9,2024-11-12,Tundra,44393.11,0.05,Completed,2219.6555000000003
1533,10,2024-11-30,Highlander,40665.52,,Pending,0.0
1534,15,2024-11-24,Highlander,44497.42,0.05,Completed,2224.871
1535,7,2024-11-22,Tundra,37333.82,0.02,Pending,746.6764000000001
1536,17,2024-11-01,Corolla,21399.73,0.05,Pending,1069.9865
1537,3,2024-11-17,Corolla,24921.8,0.03,Completed,747.654
1538,1,2024-11-04,Camry,25650.73,,Cancelled,0.0
1539,8,2024-11-26,Corolla,21438.0,,Completed,0.0
1540,13,2024-11-01,Highlander,39978.11,0.02,Completed,799.5622000000001
1541,2,2024-11-12,Tacoma,35613.21,,Completed,0.0
1542,20,2024-11-03,Tundra,39848.34,,Completed,0.0
1543,11,2024-11-23,Tacoma,35120.0,,Completed,0.0
1544,11,2024-11-13,Corolla,20596.81,0.02,Completed,411.93620000000004
1545,11,2024-11-14,Tacoma,30240.41,0.03,Completed,907.2122999999999
1546,19,2024-11-19,Highlander,42731.9,,Completed,0.0
1547,19,2024-11-14,Tundra,45881.03,0.05,Completed,2294.0515
1548,9,2024-11-17,RAV4,29355.54,0.03,Completed,880.6662
1549,13,2024-11-27,Tacoma,31587.41,0.02,Cancelled,631.7482
1550,9,2024-11-09,Highlander,40181.17,0.02,Completed,803.6234
1551,9,2024-11-03,Tacoma,30180.38,,Cancelled,0.0
1552,3,2024-11-01,Highlander,35055.44,0.02,Completed,701.1088000000001
1553,12,2024-11-11,Tacoma,38664.78,0.03,Completed,1159.9433999999999
1554,5,2024-11-07,Camry,27732.06,0.02,Completed,554.6412
1555,17,2024-11-08,Tundra,41273.05,,Completed,0.0
1556,6,2024-11-30,Tacoma,34675.7,0.03,Completed,1040.271
1557,7,2024-11-11,Camry,29825.51,0.03,Pending,894.7652999999999
1558,20,2024-11-07,Camry,28496.29,0.02,Completed,569.9258
1559,6,2024-11-18,Corolla,24477.68,0.03,Pending,734.3303999999999
1560,19,2024-11-10,Tacoma,38203.92,0.05,Completed,1910.196
1561,15,2024-11-17,RAV4,29377.35,0.05,Pending,1468.8675
1562,12,2024-11-15,RAV4,29961.3,0.02,Pending,599.226
1563,20,2024-11-11,Highlander,43899.98,0.03,Completed,1316.9994000000002
1564,8,2024-11-28,Corolla,20339.47,0.05,Pending,1016.9735000000001
1565,9,2024-11-04,Corolla,23960.35,0.03,Pending,718.8104999999999
1566,20,2024-11-03,Highlander,39572.64,0.05,Completed,1978.632
1567,16,2024-11-25,Camry,26108.1,0.03,Cancelled,783.2429999999999
1568,10,2024-11-28,Highlander,39937.15,,Pending,0.0
1569,7,2024-11-13,Corolla,20141.72,0.03,Completed,604.2516
1570,1,2024-11-03,Highlander,36711.22,,Pending,0.0
1571,3,2024-11-27,RAV4,28832.98,0.02,Completed,576.6596
1572,5,2024-11-02,Tacoma,36125.47,0.05,Completed,1806.2735000000002
1573,11,2024-11-26,Corolla,23951.16,0.05,Completed,1197.558
1574,20,2024-11-06,RAV4,33232.61,,Completed,0.0
1575,2,2024-11-01,Corolla,21167.13,,Pending,0.0
1576,9,2024-11-23,RAV4,34290.28,0.05,Completed,1714.5140000000001
1577,9,2024-11-27,Tundra,38489.49,0.05,Completed,1924.4745
1578,5,2024-11-16,Camry,27143.76,0.03,Completed,814.3127999999999
1579,7,2024-11-09,Tundra,40190.7,0.05,Completed,2009.5349999999999
1580,14,2024-11-14,Tacoma,34840.38,,Cancelled,0.0
1581,2,2024-11-24,Camry,27909.17,0.03,Completed,837.2751
1582,3,2024-11-20,Tundra,46800.52,0.02,Pending,936.0104
1583,4,2024-11-04,Highlander,38284.68,0.05,Completed,1914.2340000000002
1584,14,2024-11-21,RAV4,30379.82,0.03,Pending,911.3946
1585,3,2024-11-04,Camry,25441.72,0.02,Pending,508.8344
1586,14,2024-11-01,Tundra,47653.8,0.02,Pending,953.076
1587,18,2024-11-25,Highlander,37855.36,,Cancelled,0.0
1588,13,2024-11-17,Highlander,41496.79,,Pending,0.0
1589,16,2024-11-27,RAV4,28676.53,0.02,Completed,573.5305999999999
1590,14,2024-11-12,Tacoma,34229.98,,Cancelled,0.0
1591,12,2024-11-21,Highlander,43872.25,0.03,Pending,1316.1675
1592,12,2024-11-10,Tacoma,35861.9,0.03,Completed,1075.857
1593,8,2024-11-24,RAV4,32491.3,0.02,Completed,649.826
1594,16,2024-11-17,Tundra,38862.78,0.02,Completed,777.2556
1595,18,2024-11-02,Camry,26799.18,0.03,Completed,803.9753999999999
1596,6,2024-11-22,Highlander,37764.86,0.02,Completed,755.2972
1597,16,2024-11-27,Corolla,22309.78,0.02,Cancelled,446.1956
1598,13,2024-11-10,Corolla,21994.54,0.03,Pending,659.8362
1599,10,2024-11-27,Corolla,23687.98,,Pending,0.0
1600,19,2024-11-18,Tundra,48775.41,,Pending,0.0
1601,5,2024-11-13,Tundra,41455.14,0.05,Completed,2072.757
1602,9,2024-11-12,Tundra,39578.1,0.02,Pending,791.562
1603,4,2024-11-27,Corolla,20685.84,0.05,Completed,1034.2920000000001
1604,7,2024-11-18,Tundra,48682.36,0.02,Completed,973.6472
1605,16,2024-11-30,Tundra,43522.74,,Completed,0.0
1606,20,2024-11-11,Camry,29067.12,0.03,Completed,872.0135999999999
1607,20,2024-11-06,Tundra,35900.07,0.05,Completed,1795.0035
1608,6,2024-11-11,Tacoma,34182.85,,Completed,0.0
1609,12,2024-11-18,Corolla,23143.84,0.03,Completed,694.3152
1610,12,2024-11-06,Corolla,21409.43,0.02,Cancelled,428.1886
1611,9,2024-11-02,Highlander,41500.11,0.05,Completed,2075.0055
1612,5,2024-11-19,RAV4,30709.07,,Completed,0.0
1613,13,2024-11-26,Corolla,21366.36,0.03,Completed,640.9908
1614,15,2024-11-24,Tacoma,30625.1,0.03,Pending,918.7529999999999
1615,17,2024-11-21,Corolla,21533.85,0.03,Cancelled,646.0155
1616,5,2024-11-06,Camry,28853.21,,Pending,0.0
1617,11,2024-11-15,Camry,26583.99,,Completed,0.0
1618,19,2024-11-19,Highlander,40678.23,0.03,Cancelled,1220.3469
1619,7,2024-11-09,Camry,27387.59,0.03,Completed,821.6277
1620,13,2024-11-03,Corolla,24162.96,0.03,Completed,724.8888
1621,20,2024-11-28,Corolla,21246.86,0.05,Pending,1062.343
1622,19,2024-11-01,Camry,27077.88,0.05,Completed,1353.8940000000002
1623,18,2024-11-03,Camry,28449.69,,Completed,0.0
1624,13,2024-11-15,Tacoma,39852.72,0.03,Cancelled,1195.5816
1625,6,2024-11-30,Camry,26085.51,,Pending,0.0
1626,14,2024-11-03,Tundra,48131.12,,Pending,0.0
1627,18,2024-11-18,Corolla,23881.89,0.05,Completed,1194.0945
1628,11,2024-11-19,Highlander,40659.26,,Completed,0.0
1629,13,2024-11-05,Highlander,36158.69,,Completed,0.0
1630,15,2024-11-23,RAV4,31448.94,0.03,Completed,943.4681999999999
1631,1,2024-11-15,RAV4,31214.55,0.05,Completed,1560.7275
1632,1,2024-11-22,RAV4,31405.84,0.02,Completed,628.1168
1633,18,2024-11-02,RAV4,31454.14,,Completed,0.0
1634,6,2024-11-15,Highlander,40785.1,,Completed,0.0
1635,20,2024-11-23,Tundra,45412.33,,Completed,0.0
1636,1,2024-11-14,Highlander,38717.47,,Pending,0.0
1637,18,2024-11-17,Tundra,47160.28,,Completed,0.0
1638,5,2024-11-14,Camry,28443.08,0.03,Completed,853.2924
1639,13,2024-11-17,Tacoma,38096.74,0.05,Pending,1904.837
1640,3,2024-11-19,Corolla,20637.56,,Pending,0.0
1641,2,2024-11-18,RAV4,34148.69,0.02,Completed,682.9738000000001
1642,11,2024-11-25,Corolla,22178.49,0.02,Completed,443.56980000000004
1643,13,2024-11-28,Highlander,37271.34,0.02,Completed,745.4268
1644,8,2024-11-24,Corolla,24833.75,0.05,Completed,1241.6875
1645,9,2024-11-07,Camry,29098.3,,Completed,0.0
1646,18,2024-11-14,Camry,29066.89,0.03,Completed,872.0066999999999
1647,10,2024-11-05,Corolla,20089.62,0.05,Completed,1004.481
1648,18,2024-11-07,RAV4,28963.19,0.03,Pending,868.8956999999999
1649,3,2024-11-02,Corolla,23802.57,,Completed,0.0
1650,7,2024-11-22,Highlander,35337.93,0.02,Completed,706.7586
1651,19,2024-11-07,RAV4,29415.47,,Pending,0.0
1652,10,2024-11-28,Tundra,39813.62,0.05,Cancelled,1990.6810000000003
1653,20,2024-11-13,RAV4,30104.63,0.05,Completed,1505.2315
1654,17,2024-11-22,Camry,25921.59,,Completed,0.0
1655,5,2024-11-11,Camry,28265.99,0.05,Completed,1413.2995
1656,16,2024-11-08,RAV4,29149.22,0.02,Pending,582.9844
1657,11,2024-11-14,Highlander,44226.63,0.02,Cancelled,884.5326
1658,12,2024-11-24,Highlander,40257.95,,Completed,0.0
1659,11,2024-11-30,Tacoma,30716.73,0.03,Pending,921.5019
1660,18,2024-11-25,Camry,27738.56,0.05,Pending,1386.928
1661,19,2024-11-18,Highlander,40905.94,0.02,Completed,818.1188000000001
1662,17,2024-11-20,Corolla,22533.58,0.05,Completed,1126.679
1663,9,2024-11-12,Corolla,21233.99,0.02,Completed,424.67980000000006
1664,20,2024-11-02,Highlander,42104.4,0.02,Completed,842.0880000000001
1665,15,2024-11-23,Corolla,22047.85,0.03,Completed,661.4354999999999
1666,5,2024-11-15,Camry,26771.96,0.05,Pending,1338.598
1667,18,2024-11-24,RAV4,28791.31,,Pending,0.0
1668,8,2024-11-03,Tundra,39996.65,,Completed,0.0
1669,18,2024-11-18,Tacoma,33801.9,0.03,Completed,1014.057
1670,13,2024-11-04,RAV4,34855.33,0.05,Pending,1742.7665000000002
1671,1,2024-11-11,Highlander,38093.2,,Completed,0.0
1672,16,2024-11-12,Camry,25492.72,0.03,Completed,764.7816
1673,1,2024-11-13,RAV4,29889.05,0.03,Completed,896.6714999999999
1674,16,2024-11-19,Tundra,36437.95,0.03,Completed,1093.1384999999998
1675,17,2024-11-02,Tacoma,38849.08,,Pending,0.0
1676,14,2024-11-20,Tacoma,35420.15,,Completed,0.0
1677,19,2024-11-02,Corolla,24365.09,0.05,Cancelled,1218.2545
1678,16,2024-11-05,Camry,26736.38,0.05,Cancelled,1336.8190000000002
1679,18,2024-11-18,Tundra,46897.6,,Completed,0.0
1680,7,2024-11-08,Tundra,48013.87,0.02,Completed,960.2774000000001
1681,7,2024-11-09,Highlander,41321.8,0.03,Completed,1239.654
1682,18,2024-11-26,Tundra,37068.34,,Completed,0.0
1683,5,2024-11-23,Camry,28062.51,,Completed,0.0
1684,3,2024-11-29,Camry,28118.09,0.03,Completed,843.5427
1685,15,2024-11-18,RAV4,27951.44,0.05,Completed,1397.5720000000001
1686,9,2024-11-25,Highlander,39824.33,,Completed,0.0
1687,8,2024-11-14,Corolla,23899.02,0.02,Completed,477.98040000000003
1688,10,2024-11-11,Highlander,37758.74,0.03,Completed,1132.7622
1689,12,2024-11-22,Corolla,23160.24,0.05,Completed,1158.0120000000002
1690,5,2024-11-02,Tundra,44969.37,0.02,Completed,899.3874000000001
1691,17,2024-11-02,Highlander,39599.65,0.02,Completed,791.993
1692,15,2024-11-09,Camry,29635.15,,Completed,0.0
1693,14,2024-11-02,Tundra,37967.11,,Pending,0.0
1694,9,2024-11-01,Highlander,41603.96,,Completed,0.0
1695,13,2024-11-02,Highlander,40990.15,0.02,Completed,819.803
1696,1,2024-11-17,Highlander,37956.95,0.03,Completed,1138.7085
1697,13,2024-11-01,Tundra,37760.79,0.03,Completed,1132.8237
1698,10,2024-11-17,Corolla,21400.22,0.03,Completed,642.0066
1699,5,2024-11-19,Highlander,42992.91,,Completed,0.0
1700,17,2024-11-22,RAV4,32270.73,0.02,Pending,645.4146
1701,5,2024-11-05,Tacoma,36385.16,0.02,Pending,727.7032
1702,2,2024-11-14,RAV4,28465.2,0.03,Completed,853.956
1703,4,2024-11-12,Corolla,20917.69,0.03,Completed,627.5306999999999
1704,13,2024-11-26,Corolla,22037.75,0.03,Pending,661.1324999999999
1705,15,2024-11-24,Tacoma,34978.86,,Completed,0.0
1706,18,2024-11-21,Corolla,22137.91,0.03,Pending,664.1373
1707,7,2024-11-05,Highlander,42654.89,,Pending,0.0
1708,2,2024-11-03,Camry,25995.75,0.05,Completed,1299.7875000000001
1709,6,2024-11-15,Tundra,47927.25,,Completed,0.0
1710,6,2024-11-16,Tundra,42551.84,0.05,Completed,2127.592
1711,19,2024-11-09,Corolla,22477.28,,Pending,0.0
1712,3,2024-11-10,Tacoma,39348.29,0.03,Pending,1180.4487
1713,20,2024-11-18,Highlander,43409.5,0.05,Completed,2170.475
1714,19,2024-11-10,Corolla,23915.91,0.02,Completed,478.3182
1715,10,2024-11-22,Tacoma,36082.04,0.03,Completed,1082.4612
1716,8,2024-11-26,RAV4,34715.27,0.05,Pending,1735.7635
1717,11,2024-11-12,Corolla,23744.3,,Pending,0.0
1718,1,2024-11-12,Corolla,20578.11,0.05,Completed,1028.9055
1719,19,2024-11-14,Corolla,24125.69,0.02,Completed,482.5138
1720,3,2024-11-04,Highlander,40973.21,,Completed,0.0
1721,13,2024-11-26,Tacoma,35215.65,0.02,Completed,704.313
1722,10,2024-11-20,RAV4,32008.14,0.05,Pending,1600.4070000000002
1723,20,2024-11-22,Tundra,43414.39,,Completed,0.0
1724,8,2024-11-14,Tacoma,36886.61,0.05,Completed,1844.3305
1725,19,2024-11-29,Tundra,36054.3,,Completed,0.0
1726,13,2024-11-13,Highlander,41078.05,0.02,Completed,821.561
1727,12,2024-11-14,Tacoma,32788.58,0.02,Completed,655.7716
1728,9,2024-11-28,Tacoma,34232.76,0.05,Completed,1711.6380000000001
1729,13,2024-11-21,Highlander,38918.26,0.03,Completed,1167.5478
1730,11,2024-11-26,RAV4,29727.38,0.02,Completed,594.5476
1731,6,2024-11-11,RAV4,31893.56,0.03,Completed,956.8068
1732,4,2024-11-21,RAV4,27178.54,0.02,Pending,543.5708000000001
1733,17,2024-11-05,Tacoma,36998.94,,Completed,0.0
1734,3,2024-11-22,Tacoma,32064.5,0.05,Completed,1603.2250000000001
1735,14,2024-11-01,Tacoma,39828.05,,Completed,0.0
1736,12,2024-11-22,RAV4,30004.2,,Cancelled,0.0
1737,6,2024-11-22,Highlander,37328.53,,Completed,0.0
1738,20,2024-11-19,Highlander,35106.52,,Completed,0.0
1739,1,2024-11-16,RAV4,28791.05,0.02,Completed,575.821
1740,6,2024-11-10,RAV4,29205.18,,Completed,0.0
1741,9,2024-11-11,Tundra,35771.63,0.03,Completed,1073.1489
1742,10,2024-11-20,Tacoma,37172.98,,Pending,0.0
1743,10,2024-11-26,Tacoma,30815.66,0.05,Pending,1540.7830000000001
1744,16,2024-11-09,Camry,28937.34,0.03,Completed,868.1202
1745,20,2024-11-16,Corolla,20673.65,,Pending,0.0
1746,4,2024-11-30,RAV4,27553.05,,Completed,0.0
1747,1,2024-11-07,Highlander,43733.95,0.03,Completed,1312.0185
1748,10,2024-11-29,Tundra,41990.51,0.05,Completed,2099.5255
1749,4,2024-11-04,RAV4,27825.21,0.05,Completed,1391.2605
1750,11,2024-11-10,Tundra,38823.25,0.05,Pending,1941.1625000000001
1751,5,2024-11-14,Camry,25938.6,0.05,Completed,1296.93
1752,10,2024-11-09,Highlander,41382.17,0.05,Completed,2069.1085
1753,14,2024-11-07,RAV4,31798.84,0.03,Completed,953.9652
1754,13,2024-11-14,Highlander,35856.35,0.03,Pending,1075.6905
1755,15,2024-11-19,RAV4,27821.86,0.05,Completed,1391.093
1756,14,2024-11-13,Highlander,35925.35,0.02,Pending,718.507
1757,18,2024-11-01,Camry,28869.16,,Pending,0.0
1758,8,2024-11-03,Highlander,35658.11,0.02,Completed,713.1622
1759,13,2024-11-12,Tacoma,32974.0,0.05,Completed,1648.7
1760,10,2024-11-03,Camry,28099.01,0.02,Pending,561.9802
1761,4,2024-11-28,RAV4,34344.19,0.05,Completed,1717.2095000000002
1762,14,2024-11-22,Highlander,38509.04,0.03,Completed,1155.2712
1763,8,2024-11-28,Tacoma,37148.77,,Cancelled,0.0
1764,15,2024-11-22,Camry,25520.61,,Completed,0.0
1765,4,2024-11-11,Corolla,24657.62,0.02,Completed,493.1524
1766,17,2024-11-30,Corolla,20330.71,0.02,Completed,406.6142
1767,10,2024-11-27,RAV4,27136.0,0.05,Cancelled,1356.8000000000002
1768,3,2024-11-01,Highlander,44573.01,,Pending,0.0
1769,8,2024-11-25,Camry,27919.04,0.02,Completed,558.3808
1770,19,2024-11-07,Tacoma,31069.96,0.05,Completed,1553.498
1771,5,2024-11-18,Corolla,23403.36,,Completed,0.0
1772,10,2024-11-11,Highlander,37152.04,0.02,Completed,743.0408
1773,9,2024-11-14,Corolla,22384.04,0.05,Completed,1119.202
1774,10,2024-11-12,Tacoma,37114.69,,Completed,0.0
1775,14,2024-11-23,RAV4,34937.9,0.02,Completed,698.758
1776,10,2024-11-18,Tacoma,30555.6,0.02,Completed,611.112
1777,5,2024-11-21,RAV4,28367.4,0.03,Pending,851.022
1778,12,2024-11-23,Corolla,21957.03,0.02,Completed,439.1406
1779,16,2024-11-03,Tacoma,38389.73,0.02,Cancelled,767.7946000000001
1780,7,2024-11-09,Highlander,36489.17,,Completed,0.0
1781,10,2024-11-04,Corolla,22596.8,0.03,Completed,677.904
1782,6,2024-11-14,Highlander,42031.14,0.03,Completed,1260.9342
1783,2,2024-11-09,Camry,25022.48,,Completed,0.0
1784,14,2024-11-20,Camry,27028.98,0.03,Pending,810.8693999999999
1785,18,2024-11-15,Tundra,46650.79,,Cancelled,0.0
1786,17,2024-11-06,Tacoma,35219.68,0.02,Completed,704.3936
1787,10,2024-11-22,RAV4,27002.66,0.03,Pending,810.0798
1788,6,2024-11-27,Camry,27661.53,0.02,Completed,553.2306
1789,3,2024-11-17,Corolla,23931.89,0.02,Completed,478.63779999999997
1790,6,2024-11-17,Camry,27391.99,0.03,Completed,821.7597000000001
1791,8,2024-11-15,Highlander,41940.75,,Cancelled,0.0
1792,2,2024-11-27,Corolla,20587.93,0.02,Pending,411.7586
1793,2,2024-11-30,RAV4,32849.53,0.02,Completed,656.9906
1794,7,2024-11-05,Corolla,23665.21,0.03,Pending,709.9562999999999
1795,1,2024-11-01,RAV4,29090.01,0.05,Completed,1454.5005
1796,6,2024-11-13,Highlander,44933.19,0.05,Completed,2246.6595
1797,2,2024-11-13,Tundra,39257.68,0.03,Completed,1177.7304
1798,14,2024-11-08,Tundra,40198.76,0.05,Cancelled,2009.938
1799,6,2024-11-10,Tundra,43572.08,0.05,Completed,2178.6040000000003
1800,20,2024-11-02,Tacoma,39083.79,0.03,Completed,1172.5137
1801,4,2024-11-23,Tundra,45625.11,0.05,Completed,2281.2555
1802,4,2024-11-08,Tacoma,35063.15,0.05,Pending,1753.1575000000003
1803,12,2024-11-06,Tundra,47337.31,,Completed,0.0
1804,3,2024-11-03,Camry,29048.33,0.02,Completed,580.9666000000001
1805,8,2024-11-10,Highlander,35450.49,0.03,Completed,1063.5147
1806,20,2024-11-06,RAV4,34585.03,0.03,Completed,1037.5509
1807,8,2024-11-16,Camry,26087.27,0.02,Completed,521.7454
1808,6,2024-11-09,RAV4,31931.18,0.03,Completed,957.9354
1809,10,2024-11-18,RAV4,34864.18,0.03,Completed,1045.9254
1810,3,2024-11-03,Tacoma,39589.21,0.03,Cancelled,1187.6762999999999
1811,11,2024-11-25,Tacoma,39009.9,0.03,Completed,1170.297
1812,10,2024-11-17,Highlander,37661.01,0.02,Cancelled,753.2202000000001
1813,1,2024-11-01,Camry,25544.39,,Completed,0.0
1814,3,2024-11-15,Camry,28166.94,0.02,Pending,563.3388
1815,6,2024-11-02,Highlander,42155.8,,Completed,0.0
1816,16,2024-11-21,Highlander,35080.31,0.03,Pending,1052.4092999999998
1817,16,2024-11-26,Tacoma,38427.32,0.05,Completed,1921.366
1818,3,2024-11-21,Corolla,24399.76,,Completed,0.0
1819,9,2024-11-22,RAV4,31386.11,0.02,Completed,627.7222
1820,1,2024-11-27,Highlander,40986.18,0.05,Cancelled,2049.309
1821,6,2024-11-28,Corolla,20750.49,,Pending,0.0
1822,18,2024-11-04,Highlander,42671.77,,Completed,0.0
1823,1,2024-11-24,Highlander,43917.38,0.02,Completed,878.3475999999999
1824,7,2024-11-30,Corolla,20492.87,,Completed,0.0
1825,16,2024-11-21,Highlander,40596.28,0.05,Completed,2029.814
1826,6,2024-11-10,Highlander,43487.27,0.02,Completed,869.7453999999999
1827,5,2024-11-24,RAV4,27510.41,0.05,Completed,1375.5205
1828,19,2024-11-08,Tacoma,35382.63,0.03,Completed,1061.4788999999998
1829,7,2024-11-10,RAV4,34282.84,0.05,Completed,1714.1419999999998
1830,1,2024-11-08,Tacoma,36033.21,,Completed,0.0
1831,20,2024-11-11,Corolla,21480.75,0.03,Pending,644.4225
1832,12,2024-11-06,Tacoma,30165.2,0.03,Completed,904.956
1833,18,2024-11-24,Highlander,40066.62,0.03,Completed,1201.9986000000001
1834,16,2024-11-07,Corolla,20287.63,0.05,Pending,1014.3815000000001
1835,8,2024-11-24,Tundra,37653.98,,Pending,0.0
1836,14,2024-11-07,Highlander,40861.74,0.03,Completed,1225.8521999999998
1837,19,2024-11-20,Corolla,20128.82,,Completed,0.0
1838,2,2024-11-30,Camry,27058.25,0.03,Completed,811.7475
1839,15,2024-11-11,RAV4,32660.97,,Completed,0.0
1840,15,2024-11-12,Highlander,40987.81,,Completed,0.0
1841,2,2024-11-03,RAV4,31383.66,0.05,Completed,1569.183
1842,4,2024-11-01,Corolla,24189.21,0.05,Completed,1209.4605
1843,7,2024-11-10,Camry,25158.42,0.02,Completed,503.16839999999996
1844,15,2024-11-30,Tacoma,35251.41,0.03,Completed,1057.5423
1845,9,2024-11-10,Highlander,40019.91,0.03,Completed,1200.5973000000001
1846,19,2024-11-29,Corolla,20833.29,0.02,Completed,416.66580000000005
1847,5,2024-11-28,Tacoma,31070.91,0.02,Completed,621.4182
1848,3,2024-11-24,Highlander,42109.31,0.05,Completed,2105.4655
1849,12,2024-11-07,Corolla,20815.19,0.05,Completed,1040.7595
1850,11,2024-11-03,Tacoma,38665.6,0.05,Completed,1933.28
1851,3,2024-11-13,Corolla,22681.61,0.02,Completed,453.6322
1852,9,2024-11-27,Tacoma,37839.06,,Pending,0.0
1853,9,2024-11-16,Tundra,47218.48,0.05,Completed,2360.9240000000004
1854,3,2024-11-02,Camry,27423.95,0.05,Pending,1371.1975000000002
1855,20,2024-11-21,Corolla,20284.37,0.03,Pending,608.5310999999999
1856,14,2024-11-12,Tacoma,39538.84,,Pending,0.0
1857,17,2024-11-05,Highlander,41288.3,0.03,Completed,1238.6490000000001
1858,14,2024-11-13,Corolla,20695.32,0.02,Pending,413.9064
1859,11,2024-11-03,Corolla,21710.07,0.05,Completed,1085.5035
1860,3,2024-11-11,Camry,27815.96,0.03,Pending,834.4788
1861,11,2024-11-12,RAV4,28515.09,0.02,Pending,570.3018000000001
1862,8,2024-11-23,Tacoma,34836.23,0.02,Pending,696.7246000000001
1863,7,2024-11-21,Highlander,35725.49,0.03,Completed,1071.7647
1864,8,2024-11-02,RAV4,31161.31,0.03,Completed,934.8393
1865,14,2024-11-29,Highlander,38863.02,,Cancelled,0.0
1866,5,2024-11-24,Tacoma,32938.08,,Completed,0.0
1867,19,2024-11-12,Corolla,23374.23,0.05,Cancelled,1168.7115000000001
1868,15,2024-11-14,Tundra,41983.42,,Completed,0.0
1869,19,2024-11-17,Tacoma,33101.33,0.03,Cancelled,993.0399
1870,18,2024-11-15,Highlander,44850.67,0.02,Completed,897.0133999999999
1871,1,2024-11-08,Corolla,20654.81,0.05,Completed,1032.7405
1872,16,2024-11-10,Highlander,40394.02,0.05,Completed,2019.701
1873,1,2024-11-03,RAV4,33973.09,0.02,Completed,679.4617999999999
1874,2,2024-11-03,Tacoma,39448.97,,Completed,0.0
1875,20,2024-11-30,Camry,29408.34,,Completed,0.0
1876,5,2024-11-03,RAV4,31369.64,,Pending,0.0
1877,4,2024-11-30,Tacoma,38687.49,0.02,Completed,773.7497999999999
1878,4,2024-11-30,Camry,29068.47,0.02,Completed,581.3694
1879,17,2024-11-30,Highlander,39796.9,0.05,Completed,1989.8450000000003
1880,19,2024-11-02,Tacoma,39514.45,0.03,Cancelled,1185.4334999999999
1881,5,2024-11-22,Corolla,22328.4,,Completed,0.0
1882,3,2024-11-06,RAV4,28470.51,0.03,Pending,854.1152999999999
1883,14,2024-11-09,Tacoma,32459.76,0.05,Completed,1622.988
1884,20,2024-11-05,Tundra,40655.86,,Completed,0.0
1885,5,2024-11-13,Tundra,47421.0,0.05,Completed,2371.05
1886,8,2024-11-14,Tacoma,39535.34,0.05,Pending,1976.7669999999998
1887,10,2024-11-22,RAV4,28787.98,,Completed,0.0
1888,15,2024-11-04,Camry,25248.26,0.03,Pending,757.4477999999999
1889,2,2024-11-03,Camry,29734.03,,Completed,0.0
1890,2,2024-11-25,Tundra,38912.67,0.05,Pending,1945.6335
1891,19,2024-11-15,Tundra,43494.27,,Cancelled,0.0
1892,11,2024-11-30,Corolla,20771.16,0.05,Pending,1038.558
1893,16,2024-11-24,Corolla,24564.92,,Cancelled,0.0
1894,13,2024-11-08,Tundra,49455.91,0.03,Completed,1483.6773
1895,20,2024-11-26,Highlander,43126.77,0.02,Completed,862.5354
1896,7,2024-11-16,Tundra,47422.53,,Pending,0.0
1897,1,2024-11-27,Tundra,38831.69,,Pending,0.0
1898,4,2024-11-15,Corolla,21149.73,0.05,Pending,1057.4865
1899,18,2024-11-19,Tacoma,37853.06,,Completed,0.0
1900,13,2024-11-22,Camry,27138.58,,Pending,0.0
1901,18,2024-11-07,Camry,27346.2,0.02,Completed,546.924
1902,3,2024-11-12,Tundra,49974.88,0.02,Cancelled,999.4975999999999
1903,11,2024-11-12,Tacoma,38254.63,0.02,Completed,765.0926
1904,8,2024-11-11,Tacoma,31960.77,0.02,Pending,639.2154
1905,13,2024-11-04,Highlander,42906.66,0.02,Completed,858.1332000000001
1906,10,2024-11-26,Tundra,40588.03,0.03,Pending,1217.6408999999999
1907,1,2024-11-04,Tacoma,32535.95,0.05,Completed,1626.7975000000001
1908,13,2024-11-24,Camry,28074.14,0.05,Completed,1403.707
1909,12,2024-11-24,Tacoma,35061.27,0.02,Completed,701.2253999999999
1910,12,2024-11-30,Tundra,44399.07,0.02,Completed,887.9814
1911,6,2024-11-14,RAV4,27337.49,,Pending,0.0
1912,3,2024-11-23,Tacoma,31178.65,0.05,Completed,1558.9325000000001
1913,15,2024-11-18,Tundra,46913.49,,Completed,0.0
1914,18,2024-11-21,Camry,27272.13,0.05,Completed,1363.6065
1915,7,2024-11-10,Corolla,21683.43,0.02,Completed,433.6686
1916,7,2024-11-01,Camry,28434.59,0.02,Completed,568.6918000000001
1917,8,2024-11-25,RAV4,34261.99,0.02,Completed,685.2398
1918,14,2024-11-25,Tundra,48671.64,0.02,Completed,973.4328
1919,12,2024-11-06,Corolla,21653.93,0.03,Completed,649.6179
1920,5,2024-11-16,Highlander,40114.69,0.05,Completed,2005.7345000000003
1921,8,2024-11-09,Corolla,24479.18,,Completed,0.0
1922,17,2024-11-12,Tacoma,31360.89,0.02,Completed,627.2178
1923,16,2024-11-12,Corolla,20162.71,0.05,Cancelled,1008.1355
1924,17,2024-11-13,Tundra,43136.78,0.02,Completed,862.7356
1925,19,2024-11-21,RAV4,32380.94,0.02,Completed,647.6188
1926,7,2024-11-24,Tundra,35781.16,,Completed,0.0
1927,8,2024-11-18,Corolla,22766.67,0.03,Completed,683.0001
1928,5,2024-11-25,Camry,29014.92,,Pending,0.0
1929,13,2024-11-09,Camry,28686.74,,Completed,0.0
1930,9,2024-11-11,Highlander,39551.46,0.03,Completed,1186.5438
1931,2,2024-11-07,RAV4,29712.77,0.02,Completed,594.2554
1932,8,2024-11-25,Tundra,47590.98,0.02,Pending,951.8196
1933,15,2024-11-18,Tacoma,36288.57,0.05,Completed,1814.4285
1934,3,2024-11-13,Camry,27012.34,0.02,Completed,540.2468
1935,5,2024-11-11,Corolla,23385.32,0.03,Completed,701.5595999999999
1936,2,2024-11-27,RAV4,28133.52,0.03,Completed,844.0056
1937,1,2024-11-15,Tacoma,39533.56,0.05,Completed,1976.6779999999999
1938,7,2024-11-03,Highlander,41765.75,0.03,Pending,1252.9724999999999
1939,6,2024-11-20,Corolla,24269.79,0.02,Completed,485.3958
1940,12,2024-11-07,Camry,25437.97,0.02,Pending,508.7594
1941,19,2024-11-28,RAV4,28663.79,0.03,Completed,859.9137
1942,7,2024-11-23,Corolla,20263.69,0.05,Completed,1013.1845
1943,15,2024-11-06,Tacoma,38722.26,0.02,Completed,774.4452000000001
1944,5,2024-11-11,Tacoma,31438.6,0.05,Completed,1571.93
1945,16,2024-11-19,Corolla,23423.65,,Completed,0.0
1946,4,2024-11-10,Camry,27928.39,0.02,Completed,558.5678
1947,18,2024-11-17,Camry,26512.69,,Completed,0.0
1948,2,2024-11-01,Tacoma,39040.71,0.05,Completed,1952.0355
1949,8,2024-11-18,RAV4,29257.18,0.02,Completed,585.1436
1950,1,2024-11-15,Highlander,36538.52,0.02,Completed,730.7704
1951,8,2024-11-23,Tundra,39902.7,0.05,Completed,1995.135
1952,9,2024-11-11,Camry,26897.17,0.03,Completed,806.9150999999999
1953,6,2024-11-13,Highlander,38406.76,0.03,Completed,1152.2028
1954,11,2024-11-14,Camry,29647.68,0.03,Completed,889.4304
1955,10,2024-11-22,Camry,26505.04,,Pending,0.0
1956,6,2024-11-09,Corolla,20676.55,0.03,Completed,620.2964999999999
1957,8,2024-11-21,Tundra,43086.82,0.03,Completed,1292.6046
1958,5,2024-11-01,Corolla,24156.02,0.03,Pending,724.6806
1959,17,2024-11-29,RAV4,29926.6,0.05,Completed,1496.33
1960,12,2024-11-26,RAV4,29652.65,0.05,Completed,1482.6325000000002
1961,4,2024-11-30,Tacoma,33001.95,0.05,Pending,1650.0974999999999
1962,16,2024-11-19,Highlander,38566.16,,Completed,0.0
1963,12,2024-11-04,Highlander,40671.8,0.02,Completed,813.436
1964,18,2024-11-07,Tundra,43897.55,0.05,Completed,2194.8775
1965,12,2024-11-02,Highlander,43309.3,0.05,Completed,2165.465
1966,7,2024-11-01,Tundra,43658.28,0.05,Pending,2182.914
1967,7,2024-11-14,Corolla,22808.08,0.02,Completed,456.1616
1968,11,2024-11-23,Corolla,22417.52,0.05,Completed,1120.876
1969,2,2024-11-18,Camry,26285.55,0.05,Completed,1314.2775000000001
1970,17,2024-11-01,Tacoma,37086.5,0.02,Completed,741.73
1971,12,2024-11-16,Corolla,24773.91,0.05,Completed,1238.6955
1972,3,2024-11-12,Corolla,23052.32,0.03,Completed,691.5695999999999
1973,15,2024-11-12,Camry,25289.91,,Completed,0.0
1974,3,2024-11-21,Camry,29780.37,0.03,Completed,893.4110999999999
1975,6,2024-11-04,Tacoma,38512.1,0.03,Completed,1155.3629999999998
1976,16,2024-11-28,Tacoma,38276.73,,Cancelled,0.0
1977,19,2024-11-05,Camry,25748.42,0.02,Completed,514.9684
1978,2,2024-11-13,RAV4,34022.28,0.05,Completed,1701.114
1979,7,2024-11-02,RAV4,28630.58,0.02,Completed,572.6116000000001
1980,15,2024-11-29,Tundra,42713.2,0.05,Completed,2135.66
1981,5,2024-11-27,Corolla,24095.62,0.05,Completed,1204.781
1982,15,2024-11-28,Highlander,44638.87,0.03,Completed,1339.1661000000001
1983,3,2024-11-17,Camry,28089.56,0.03,Completed,842.6868000000001
1984,10,2024-11-10,Camry,29031.03,0.03,Completed,870.9309
1985,13,2024-11-22,Corolla,20142.45,0.03,Completed,604.2735
1986,7,2024-11-11,Tacoma,30424.56,,Completed,0.0
1987,5,2024-11-07,Highlander,38809.9,0.05,Completed,1940.4950000000001
1988,18,2024-11-09,Highlander,36774.91,,Pending,0.0
1989,16,2024-11-12,Highlander,43086.04,0.02,Completed,861.7208
1990,1,2024-11-08,Tundra,42564.23,,Completed,0.0
1991,19,2024-11-20,Tacoma,31670.23,,Completed,0.0
1992,15,2024-11-10,Corolla,22137.32,0.05,Completed,1106.866
1993,14,2024-11-21,Camry,28322.93,,Pending,0.0
1994,19,2024-11-08,RAV4,29471.65,0.03,Pending,884.1495
1995,11,2024-11-24,Corolla,24176.86,0.03,Completed,725.3058
1996,19,2024-11-20,Camry,25108.67,0.03,Completed,753.2601
1997,17,2024-11-04,Highlander,43066.48,0.05,Completed,2153.324
1998,1,2024-11-07,Tundra,49896.99,0.05,Cancelled,2494.8495000000003
1999,20,2024-11-20,RAV4,33538.75,0.03,Cancelled,1006.1624999999999
2000,7,2024-11-26,Highlander,40528.17,0.02,Cancelled,810.5634
2001,18,2024-11-12,Corolla,23716.87,0.05,Pending,1185.8435
2002,10,2024-11-16,Camry,26062.43,0.02,Completed,521.2486
2003,19,2024-11-03,Corolla,21950.57,0.02,Completed,439.0114
2004,9,2024-11-19,Corolla,24548.82,0.03,Completed,736.4646
2005,17,2024-11-30,Camry,27100.0,0.05,Completed,1355.0
2006,6,2024-11-14,RAV4,27372.33,0.03,Completed,821.1699
2007,2,2024-11-26,Highlander,37747.83,0.03,Completed,1132.4349
2008,13,2024-11-08,RAV4,33262.33,0.02,Completed,665.2466000000001
2009,14,2024-11-02,Corolla,23481.11,0.05,Completed,1174.0555000000002
2010,17,2024-11-23,Corolla,20638.09,0.03,Completed,619.1427
2011,5,2024-11-18,Tundra,39817.33,0.05,Completed,1990.8665
2012,12,2024-11-05,Camry,28669.27,0.02,Pending,573.3854
2013,9,2024-11-17,Tundra,40422.84,,Completed,0.0
2014,3,2024-11-12,RAV4,27206.92,0.05,Pending,1360.346
2015,11,2024-11-18,Highlander,37098.05,0.03,Completed,1112.9415000000001
2016,12,2024-11-08,Tacoma,30606.32,0.03,Completed,918.1895999999999
2017,19,2024-11-20,Camry,28150.51,,Pending,0.0
2018,17,2024-11-09,Highlander,44012.91,0.05,Completed,2200.6455
2019,5,2024-11-20,Tacoma,36332.05,0.05,Completed,1816.6025000000002
2020,20,2024-11-12,Camry,27471.08,0.03,Completed,824.1324000000001
2021,12,2024-11-30,Highlander,36299.97,0.03,Pending,1088.9991
2022,9,2024-11-14,Tundra,41053.88,0.02,Cancelled,821.0776
2023,12,2024-11-14,RAV4,34900.98,,Completed,0.0
2024,9,2024-11-06,Camry,27584.94,0.05,Completed,1379.247
2025,12,2024-11-21,Tacoma,32387.82,0.03,Pending,971.6346
2026,1,2024-11-12,Tacoma,35032.49,0.03,Completed,1050.9747
2027,7,2024-11-29,Highlander,44109.55,0.05,Completed,2205.4775000000004
2028,9,2024-11-19,Corolla,21115.02,0.03,Completed,633.4506
2029,5,2024-11-26,Highlander,41599.31,0.03,Pending,1247.9793
2030,12,2024-11-01,Highlander,35898.67,0.05,Completed,1794.9335
2031,13,2024-11-24,Tundra,49072.27,,Completed,0.0
2032,8,2024-11-27,Tundra,38992.97,,Pending,0.0
2033,13,2024-11-03,Corolla,21180.99,0.03,Completed,635.4297
2034,12,2024-11-08,Highlander,39804.93,0.03,Completed,1194.1479
2035,17,2024-11-11,Tacoma,34179.66,0.02,Completed,683.5932000000001
2036,20,2024-11-01,Highlander,44633.87,,Completed,0.0
2037,15,2024-11-22,Camry,29896.86,0.02,Completed,597.9372000000001
2038,4,2024-11-14,Highlander,39150.92,0.05,Completed,1957.546
2039,5,2024-11-16,Corolla,21576.5,0.02,Pending,431.53000000000003
2040,2,2024-11-02,Highlander,43458.92,0.03,Completed,1303.7676
2041,20,2024-11-26,RAV4,33271.34,,Completed,0.0
2042,10,2024-11-01,Corolla,22975.52,0.02,Pending,459.5104
2043,5,2024-11-18,Corolla,20472.33,,Completed,0.0
2044,10,2024-11-25,Corolla,22662.63,0.03,Completed,679.8789
2045,15,2024-11-08,Corolla,20951.7,,Completed,0.0
2046,12,2024-11-28,Tundra,35089.09,0.05,Completed,1754.4544999999998
2047,6,2024-11-27,Tundra,49653.1,,Completed,0.0
2048,7,2024-11-16,Tacoma,34711.51,,Completed,0.0
2049,19,2024-11-23,Tundra,37303.44,,Completed,0.0
2050,16,2024-11-21,Tundra,38078.62,0.05,Completed,1903.9310000000003
2051,12,2024-11-01,Corolla,23020.18,0.03,Pending,690.6054
2052,16,2024-11-12,Camry,27082.73,0.05,Completed,1354.1365
2053,1,2024-11-22,Tacoma,38236.24,,Completed,0.0
2054,2,2024-11-17,Highlander,41772.9,,Completed,0.0
2055,1,2024-11-01,Highlander,37060.25,0.05,Completed,1853.0125
2056,13,2024-11-12,RAV4,32226.19,,Completed,0.0
2057,7,2024-11-01,Tundra,36389.66,0.05,Completed,1819.4830000000002
2058,13,2024-11-21,Highlander,40524.09,,Completed,0.0
2059,16,2024-11-07,Camry,29690.79,,Completed,0.0
2060,3,2024-11-18,RAV4,30596.33,,Completed,0.0
2061,19,2024-11-03,Corolla,23073.29,0.03,Completed,692.1987
2062,13,2024-11-09,Tundra,38742.26,0.05,Completed,1937.1130000000003
2063,12,2024-11-06,Tacoma,30176.64,0.03,Completed,905.2991999999999
2064,15,2024-11-03,Highlander,41072.59,0.05,Completed,2053.6295
2065,8,2024-11-04,Highlander,42371.41,0.03,Completed,1271.1423
2066,13,2024-11-21,Highlander,37161.43,,Completed,0.0
2067,18,2024-11-11,RAV4,27303.1,,Pending,0.0
2068,5,2024-11-07,Corolla,24929.71,0.03,Pending,747.8913
2069,8,2024-11-02,Camry,25226.83,0.03,Pending,756.8049
2070,13,2024-11-14,Camry,25877.35,0.05,Completed,1293.8675
2071,7,2024-11-17,Corolla,23133.03,0.05,Pending,1156.6515
2072,10,2024-11-30,Tundra,40850.02,0.02,Completed,817.0003999999999
2073,16,2024-11-26,Highlander,39902.83,0.02,Pending,798.0566
2074,6,2024-11-05,Tundra,46384.33,0.03,Completed,1391.5299
2075,16,2024-11-13,Highlander,35319.08,,Completed,0.0
2076,6,2024-11-06,Highlander,36365.2,0.02,Pending,727.304
2077,11,2024-11-21,Corolla,21339.96,0.02,Pending,426.7992
2078,15,2024-11-12,Corolla,24271.65,0.05,Completed,1213.5825000000002
2079,12,2024-11-16,Corolla,22346.97,0.03,Completed,670.4091
2080,6,2024-11-15,Tacoma,33373.38,0.05,Completed,1668.6689999999999
2081,18,2024-11-30,Corolla,20412.15,0.02,Completed,408.24300000000005
2082,20,2024-11-04,Highlander,44155.24,,Pending,0.0
2083,4,2024-11-26,Corolla,20269.72,0.02,Completed,405.3944
2084,6,2024-11-18,RAV4,33108.33,0.03,Completed,993.2499
2085,5,2024-11-06,Corolla,23635.54,0.05,Completed,1181.777
2086,4,2024-11-19,Camry,28418.04,,Completed,0.0
2087,1,2024-11-08,Tundra,49563.3,0.03,Completed,1486.8990000000001
2088,2,2024-11-22,Tundra,35998.4,0.05,Completed,1799.92
2089,19,2024-11-01,Corolla,20834.89,,Completed,0.0
2090,18,2024-11-10,Highlander,42942.96,,Pending,0.0
2091,3,2024-11-11,Highlander,44866.26,0.02,Completed,897.3252000000001
2092,6,2024-11-07,Camry,27397.82,0.03,Completed,821.9345999999999
2093,4,2024-11-30,Tacoma,33737.85,,Completed,0.0
2094,3,2024-11-13,Tundra,41532.96,0.03,Pending,1245.9887999999999
2095,7,2024-11-09,Highlander,42925.67,,Completed,0.0
2096,5,2024-11-05,RAV4,27024.74,0.02,Completed,540.4948
2097,9,2024-11-23,Camry,27796.57,,Completed,0.0
2098,3,2024-11-02,Tacoma,32510.44,0.02,Completed,650.2088
2099,20,2024-11-06,Highlander,37161.62,0.05,Completed,1858.0810000000001
2100,20,2024-11-03,RAV4,33913.32,0.02,Completed,678.2664
2101,9,2024-11-13,Camry,28136.48,0.02,Completed,562.7296
2102,1,2024-11-22,Highlander,36772.41,,Completed,0.0
2103,20,2024-11-27,Tacoma,37391.6,0.02,Completed,747.832
2104,19,2024-11-17,Highlander,43076.2,0.02,Completed,861.524
2105,20,2024-11-16,Camry,26445.7,0.02,Completed,528.914
2106,2,2024-11-19,Tundra,38595.54,0.05,Completed,1929.777
2107,15,2024-11-01,RAV4,29573.82,0.05,Completed,1478.691
2108,14,2024-11-19,Highlander,38373.39,0.03,Pending,1151.2016999999998
2109,4,2024-11-30,Tundra,39449.43,0.03,Pending,1183.4829
2110,11,2024-11-28,Tacoma,34843.34,0.05,Completed,1742.167
2111,11,2024-11-28,Camry,25955.38,0.03,Completed,778.6614
2112,16,2024-11-28,Camry,25433.95,,Completed,0.0
2113,16,2024-11-14,RAV4,28992.97,0.03,Completed,869.7891
2114,8,2024-11-09,Tundra,47241.65,,Completed,0.0
2115,16,2024-11-09,RAV4,30468.6,0.03,Completed,914.0579999999999
2116,19,2024-11-06,Camry,25379.45,0.05,Completed,1268.9725
2117,16,2024-11-02,Corolla,20825.63,,Completed,0.0
2118,2,2024-11-20,Camry,27311.92,,Completed,0.0
2119,7,2024-11-17,RAV4,33531.19,0.05,Completed,1676.5595000000003
2120,4,2024-11-25,Tacoma,34399.15,,Completed,0.0
2121,4,2024-11-18,Camry,26946.99,0.02,Completed,538.9398
2122,7,2024-11-06,Tacoma,38043.17,0.03,Completed,1141.2950999999998
2123,17,2024-11-11,RAV4,32910.03,0.05,Completed,1645.5015
2124,2,2024-11-09,RAV4,29486.74,,Completed,0.0
2125,9,2024-11-30,Corolla,21707.83,0.02,Completed,434.1566
2126,2,2024-11-04,Camry,28484.02,0.02,Completed,569.6804000000001
2127,1,2024-11-24,Highlander,41665.71,,Completed,0.0
2128,3,2024-11-10,Camry,27813.46,,Completed,0.0
2129,7,2024-11-15,Camry,29140.08,0.03,Completed,874.2024
2130,1,2024-11-20,Tundra,40731.64,0.03,Completed,1221.9492
2131,12,2024-11-27,RAV4,27478.51,0.05,Completed,1373.9255
2132,16,2024-11-16,Highlander,35314.79,,Completed,0.0
2133,17,2024-11-13,RAV4,32022.38,0.03,Pending,960.6714
2134,14,2024-11-27,Tacoma,36650.98,0.03,Completed,1099.5294000000001
2135,2,2024-11-30,Corolla,24039.05,0.03,Pending,721.1714999999999
2136,1,2024-11-02,Camry,25027.81,0.03,Completed,750.8343
2137,12,2024-11-04,Tacoma,38648.45,0.05,Pending,1932.4225
2138,13,2024-11-23,RAV4,32838.32,0.05,Completed,1641.9160000000002
2139,13,2024-11-06,Camry,28798.38,0.02,Cancelled,575.9676000000001
2140,7,2024-11-18,Tundra,42165.49,0.02,Pending,843.3098
2141,8,2024-11-18,Highlander,36045.15,0.05,Completed,1802.2575000000002
2142,8,2024-11-05,Corolla,24425.42,0.02,Completed,488.5084
2143,8,2024-11-14,Camry,25138.35,0.03,Completed,754.1505
2144,17,2024-11-12,RAV4,32721.16,,Completed,0.0
2145,8,2024-11-03,RAV4,33255.51,0.02,Completed,665.1102000000001
2146,4,2024-11-21,RAV4,31922.41,0.05,Completed,1596.1205
2147,9,2024-11-24,Tundra,35476.75,0.03,Completed,1064.3025
2148,6,2024-11-11,RAV4,27813.43,,Completed,0.0
2149,7,2024-11-25,Tacoma,35628.79,,Completed,0.0
2150,5,2024-11-18,Tundra,38796.21,0.02,Pending,775.9242
2151,4,2024-11-25,Highlander,44806.86,,Completed,0.0
2152,14,2024-11-13,Corolla,20398.48,0.03,Completed,611.9544
2153,12,2024-11-11,Corolla,24140.82,,Completed,0.0
2154,10,2024-11-15,RAV4,29528.55,,Completed,0.0
2155,7,2024-11-10,Camry,25809.67,0.03,Completed,774.2900999999999
2156,18,2024-11-14,Camry,25871.35,0.02,Completed,517.427
2157,16,2024-11-12,Tundra,45185.18,,Completed,0.0
2158,10,2024-11-15,Highlander,41326.81,0.05,Completed,2066.3405
2159,3,2024-11-19,Tacoma,37044.78,,Completed,0.0
2160,7,2024-11-30,RAV4,30066.8,,Completed,0.0
2161,1,2024-11-26,Tundra,39311.57,0.03,Cancelled,1179.3471
2162,2,2024-11-03,RAV4,34264.36,0.03,Completed,1027.9308
2163,12,2024-11-01,Tacoma,38937.54,0.03,Completed,1168.1262
2164,14,2024-11-05,Tundra,37381.24,0.03,Completed,1121.4371999999998
2165,2,2024-11-01,Corolla,24814.51,,Completed,0.0
2166,15,2024-11-07,Tacoma,31277.06,0.05,Completed,1563.853
2167,6,2024-11-05,Tundra,39146.32,0.03,Completed,1174.3896
2168,19,2024-11-29,Tacoma,30543.13,0.02,Completed,610.8626
2169,15,2024-11-24,Corolla,20521.49,0.02,Completed,410.42980000000006
2170,9,2024-11-01,Tundra,39923.78,0.03,Cancelled,1197.7133999999999
2171,4,2024-11-07,Camry,29687.05,,Cancelled,0.0
2172,1,2024-11-23,Tacoma,30050.66,0.05,Completed,1502.5330000000001
2173,2,2024-11-13,Tundra,36268.7,0.03,Completed,1088.061
2174,1,2024-11-05,Camry,27004.82,,Completed,0.0
2175,5,2024-11-20,Corolla,23555.78,0.02,Pending,471.1156
2176,19,2024-11-05,Camry,27531.28,,Pending,0.0
2177,7,2024-11-28,Highlander,36315.74,,Completed,0.0
2178,9,2024-11-05,Tacoma,36441.31,,Cancelled,0.0
2179,8,2024-11-08,Camry,28051.25,,Completed,0.0
2180,3,2024-11-03,Highlander,39754.5,,Completed,0.0
2181,12,2024-11-26,Tacoma,36543.9,0.03,Completed,1096.317
2182,9,2024-11-25,Corolla,21680.8,,Completed,0.0
2183,6,2024-11-30,Highlander,44370.11,0.03,Cancelled,1331.1033
2184,17,2024-11-28,Tundra,38981.98,0.02,Completed,779.6396000000001
2185,12,2024-11-07,Tundra,44169.73,,Completed,0.0
2186,13,2024-11-18,Camry,27227.02,,Cancelled,0.0
2187,4,2024-11-14,Tundra,44179.49,,Completed,0.0
2188,19,2024-11-15,Tundra,46146.29,0.03,Pending,1384.3887
2189,5,2024-11-23,Tundra,40463.08,0.02,Completed,809.2616
2190,6,2024-11-15,RAV4,27751.04,,Pending,0.0
2191,4,2024-11-15,Tundra,36684.92,0.05,Pending,1834.246
2192,12,2024-11-08,Highlander,40103.35,0.03,Completed,1203.1005
2193,4,2024-11-24,Highlander,42745.82,,Completed,0.0
2194,6,2024-11-03,Tacoma,37056.44,,Completed,0.0
2195,15,2024-11-25,Corolla,23410.68,0.05,Cancelled,1170.534
2196,5,2024-11-08,RAV4,31556.2,,Completed,0.0
2197,19,2024-11-08,Highlander,37773.84,0.05,Completed,1888.692
2198,17,2024-11-26,RAV4,32020.17,0.02,Completed,640.4034
2199,12,2024-11-06,Corolla,23927.42,0.05,Completed,1196.3709999999999
2200,20,2024-11-11,Tacoma,37827.31,0.05,Completed,1891.3654999999999
2201,6,2024-11-07,RAV4,32767.56,,Completed,0.0
2202,8,2024-11-06,Tacoma,38872.64,,Completed,0.0
2203,17,2024-11-16,Tacoma,38324.84,0.05,Completed,1916.242
2204,13,2024-11-16,RAV4,32614.83,0.05,Completed,1630.7415
2205,20,2024-11-09,RAV4,28049.95,0.05,Cancelled,1402.4975000000002
2206,19,2024-11-08,Tacoma,31185.25,0.05,Completed,1559.2625
2207,20,2024-11-11,Tundra,36201.48,,Pending,0.0
2208,1,2024-11-02,Highlander,40839.89,0.05,Completed,2041.9945
2209,11,2024-11-22,Tacoma,34504.61,0.05,Completed,1725.2305000000001
2210,4,2024-11-17,RAV4,34480.83,0.05,Completed,1724.0415000000003
2211,18,2024-11-18,RAV4,28523.19,0.02,Pending,570.4638
2212,20,2024-11-19,Corolla,20026.22,0.05,Pending,1001.3110000000001
2213,5,2024-11-22,RAV4,31654.71,0.05,Completed,1582.7355
2214,7,2024-11-05,Tundra,37661.57,0.02,Completed,753.2314
2215,9,2024-11-01,Tundra,35228.92,,Cancelled,0.0
2216,5,2024-11-08,Tundra,37225.47,,Pending,0.0
2217,8,2024-11-06,Corolla,20831.82,0.05,Completed,1041.5910000000001
2218,17,2024-11-24,Corolla,23567.42,0.03,Completed,707.0225999999999
2219,3,2024-11-02,RAV4,27597.0,0.05,Completed,1379.8500000000001
2220,17,2024-11-13,Tacoma,30367.06,,Pending,0.0
2221,2,2024-11-11,Camry,27336.31,0.03,Pending,820.0893
2222,20,2024-11-13,Camry,29145.21,0.03,Pending,874.3562999999999
2223,11,2024-11-18,Tundra,35954.89,0.02,Completed,719.0978
2224,4,2024-11-10,Corolla,20573.74,0.03,Completed,617.2122
2225,17,2024-11-04,RAV4,32435.68,0.02,Completed,648.7136
2226,10,2024-11-07,Highlander,38995.4,0.05,Completed,1949.7700000000002
2227,15,2024-11-11,Tacoma,32770.92,0.03,Completed,983.1275999999999
2228,1,2024-11-03,Tundra,47892.58,0.03,Completed,1436.7774
2229,3,2024-11-10,Highlander,39525.82,0.02,Pending,790.5164
2230,4,2024-11-23,Camry,29941.33,0.03,Completed,898.2399
2231,20,2024-11-11,Tundra,43917.45,,Pending,0.0
2232,15,2024-11-13,RAV4,32794.01,0.05,Completed,1639.7005000000001
2233,2,2024-11-26,Tundra,37490.21,0.03,Pending,1124.7062999999998
2234,8,2024-11-29,Tacoma,32990.9,0.05,Pending,1649.545
2235,14,2024-11-08,RAV4,34180.08,0.03,Completed,1025.4024
2236,7,2024-11-20,Tundra,47757.53,0.05,Cancelled,2387.8765
2237,12,2024-11-02,Highlander,42803.96,,Completed,0.0
2238,7,2024-11-23,RAV4,33920.35,0.02,Completed,678.407
2239,9,2024-11-29,Camry,29037.67,,Completed,0.0
2240,19,2024-11-03,Corolla,22162.63,0.02,Completed,443.25260000000003
2241,2,2024-11-16,Tacoma,34116.41,0.03,Completed,1023.4923000000001
2242,9,2024-11-16,Tundra,45171.4,0.05,Pending,2258.57
2243,12,2024-11-30,RAV4,31641.28,0.05,Completed,1582.064
2244,17,2024-11-19,RAV4,29577.08,0.05,Completed,1478.8540000000003
2245,2,2024-11-14,RAV4,27286.65,0.03,Pending,818.5995
2246,1,2024-11-27,RAV4,33822.93,0.03,Completed,1014.6879
2247,15,2024-11-14,Tacoma,31528.79,0.02,Pending,630.5758000000001
2248,4,2024-11-25,Tundra,38989.43,0.03,Completed,1169.6829
2249,10,2024-11-19,RAV4,33548.96,,Pending,0.0
2250,17,2024-11-05,Highlander,39798.7,,Completed,0.0
2251,4,2024-11-20,Tacoma,30156.82,0.05,Completed,1507.8410000000001
2252,16,2024-11-14,Corolla,24031.92,0.02,Completed,480.6384
2253,11,2024-11-28,Tundra,40419.83,,Pending,0.0
2254,19,2024-11-11,Highlander,44839.54,0.05,Completed,2241.9770000000003
2255,2,2024-11-30,Camry,27294.52,0.03,Completed,818.8356
2256,12,2024-11-06,Camry,27189.41,0.03,Completed,815.6822999999999
2257,18,2024-11-01,Corolla,21553.65,0.05,Completed,1077.6825000000001
2258,19,2024-11-11,Tacoma,30861.2,0.03,Completed,925.836
2259,8,2024-11-23,Highlander,39281.77,0.03,Completed,1178.4531
2260,5,2024-11-15,Tundra,42896.04,0.03,Completed,1286.8812
2261,18,2024-11-23,Corolla,20799.96,,Completed,0.0
2262,15,2024-11-01,Camry,29184.54,,Pending,0.0
2263,13,2024-11-19,Camry,29479.59,0.02,Pending,589.5918
2264,3,2024-11-26,Camry,27850.14,0.02,Pending,557.0028
2265,5,2024-11-01,Camry,26752.68,,Completed,0.0
2266,2,2024-11-09,Tundra,45197.59,0.05,Completed,2259.8795
2267,14,2024-11-11,Corolla,24407.99,0.03,Completed,732.2397
2268,16,2024-11-06,Highlander,38961.37,,Completed,0.0
2269,5,2024-11-11,Camry,29571.81,0.05,Completed,1478.5905000000002
2270,9,2024-11-02,Tundra,45818.65,0.05,Pending,2290.9325000000003
2271,8,2024-11-27,Corolla,23813.24,0.02,Pending,476.26480000000004
2272,11,2024-11-16,Tundra,40330.09,0.05,Pending,2016.5045
2273,11,2024-11-20,RAV4,34133.9,0.02,Completed,682.678
2274,11,2024-11-13,Highlander,44303.74,0.05,Completed,2215.187
2275,9,2024-11-25,RAV4,33299.44,0.02,Completed,665.9888000000001
2276,12,2024-11-08,Corolla,20000.94,0.05,Pending,1000.047
2277,14,2024-11-30,RAV4,33811.88,0.02,Completed,676.2375999999999
2278,5,2024-11-26,RAV4,32986.26,0.05,Completed,1649.313
2279,1,2024-11-29,Camry,29151.45,,Completed,0.0
2280,11,2024-11-07,Corolla,22656.92,,Pending,0.0
2281,1,2024-11-08,RAV4,34939.58,0.02,Completed,698.7916
2282,9,2024-11-11,Tacoma,33420.36,0.02,Completed,668.4072
2283,7,2024-11-19,Camry,29671.53,0.03,Pending,890.1459
2284,19,2024-11-06,Tundra,49116.18,0.02,Completed,982.3236
2285,16,2024-11-09,Camry,25628.62,0.05,Completed,1281.431
2286,7,2024-11-14,Corolla,20859.12,0.03,Pending,625.7736
2287,14,2024-11-18,Camry,29515.85,,Pending,0.0
2288,15,2024-11-06,RAV4,34417.83,0.05,Completed,1720.8915000000002
2289,4,2024-11-08,Tacoma,32406.94,,Completed,0.0
2290,17,2024-11-08,RAV4,29672.34,0.02,Completed,593.4468
2291,3,2024-11-28,Tundra,45553.22,,Completed,0.0
2292,20,2024-11-09,Highlander,36174.34,,Completed,0.0
2293,13,2024-11-18,Tacoma,36152.07,0.03,Completed,1084.5620999999999
2294,11,2024-11-25,Highlander,37771.13,0.02,Completed,755.4226
2295,15,2024-11-25,RAV4,34702.61,0.03,Completed,1041.0783
2296,12,2024-11-23,Highlander,36776.61,0.05,Completed,1838.8305
2297,17,2024-11-03,Tacoma,34396.75,0.03,Completed,1031.9025
2298,15,2024-11-22,Corolla,24891.66,,Pending,0.0
2299,1,2024-11-19,Corolla,24303.34,0.02,Completed,486.0668
2300,6,2024-11-09,Camry,25217.25,0.03,Completed,756.5174999999999
2301,1,2024-11-22,Corolla,20716.3,0.05,Completed,1035.815
2302,3,2024-11-13,RAV4,27502.39,0.03,Completed,825.0717
2303,13,2024-11-10,Highlander,39202.31,0.03,Completed,1176.0692999999999
2304,7,2024-11-03,Highlander,41036.63,0.05,Completed,2051.8315
2305,8,2024-11-26,Tundra,35995.19,0.02,Completed,719.9038
2306,8,2024-11-05,RAV4,34770.29,0.03,Completed,1043.1087
2307,16,2024-11-08,Corolla,21321.32,0.02,Pending,426.4264
2308,4,2024-11-28,RAV4,33474.77,0.02,Completed,669.4953999999999
2309,2,2024-11-03,Tacoma,31395.74,0.05,Cancelled,1569.7870000000003
2310,20,2024-11-06,Tacoma,31870.0,,Cancelled,0.0
2311,15,2024-11-09,RAV4,32321.45,,Completed,0.0
2312,1,2024-11-26,RAV4,28259.3,0.02,Completed,565.186
2313,18,2024-11-15,Corolla,22937.26,0.05,Completed,1146.863
2314,5,2024-11-05,Tundra,38756.95,,Completed,0.0
2315,6,2024-11-08,Tundra,49535.26,,Completed,0.0
2316,6,2024-11-24,Camry,29567.6,0.02,Completed,591.352
2317,5,2024-11-25,Corolla,20131.62,0.03,Completed,603.9485999999999
2318,3,2024-11-07,Camry,29831.65,,Pending,0.0
2319,2,2024-11-17,Corolla,20086.16,0.02,Completed,401.7232
2320,14,2024-11-03,Tundra,40698.1,0.02,Completed,813.962
2321,13,2024-11-20,Highlander,44302.53,0.03,Pending,1329.0758999999998
2322,16,2024-11-13,Tacoma,38840.38,0.03,Pending,1165.2114
2323,6,2024-11-03,Corolla,24431.8,0.02,Completed,488.63599999999997
2324,11,2024-11-03,Tundra,42519.25,0.03,Completed,1275.5774999999999
2325,9,2024-11-13,Tundra,36672.72,0.05,Cancelled,1833.6360000000002
2326,19,2024-11-30,Highlander,38209.8,,Completed,0.0
2327,15,2024-11-02,Corolla,20919.61,0.05,Pending,1045.9805000000001
2328,9,2024-11-19,Highlander,41160.66,0.03,Completed,1234.8198
2329,16,2024-11-16,Corolla,21737.02,0.05,Completed,1086.851
2330,4,2024-11-08,Tacoma,31352.91,,Completed,0.0
2331,12,2024-11-04,Highlander,43758.37,0.05,Pending,2187.9185
2332,7,2024-11-06,RAV4,31761.06,0.05,Cancelled,1588.053
2333,15,2024-11-21,Highlander,35339.24,0.05,Completed,1766.962
2334,19,2024-11-28,Tundra,36562.83,0.02,Completed,731.2566
2335,15,2024-11-24,RAV4,34900.46,,Completed,0.0
2336,2,2024-11-15,Corolla,21630.26,0.05,Completed,1081.513
2337,15,2024-11-15,RAV4,34693.55,0.05,Completed,1734.6775000000002
2338,6,2024-11-26,Tacoma,38194.22,,Completed,0.0
2339,4,2024-11-04,RAV4,32963.74,0.05,Completed,1648.187
2340,1,2024-11-14,Tundra,40904.44,0.03,Pending,1227.1332
2341,16,2024-11-14,Highlander,42259.02,,Completed,0.0
2342,8,2024-11-06,Tacoma,37117.63,,Completed,0.0
2343,1,2024-11-27,Tundra,47616.42,0.05,Completed,2380.821
2344,4,2024-11-10,Camry,28060.14,0.02,Completed,561.2028
2345,18,2024-11-14,Camry,28754.8,,Pending,0.0
2346,3,2024-11-09,Camry,29629.45,0.05,Completed,1481.4725
2347,6,2024-11-28,Camry,25159.95,0.05,Pending,1257.9975000000002
2348,14,2024-11-02,Tacoma,32320.14,,Completed,0.0
2349,16,2024-11-18,Highlander,39082.14,,Completed,0.0
2350,11,2024-11-19,Tacoma,31950.53,0.02,Completed,639.0106
2351,7,2024-11-14,Corolla,24397.34,0.02,Completed,487.9468
2352,9,2024-11-07,Corolla,24454.16,,Completed,0.0
2353,8,2024-11-01,Corolla,20039.54,,Completed,0.0
2354,20,2024-11-08,Corolla,24284.81,0.05,Completed,1214.2405
2355,15,2024-11-11,Tacoma,36716.63,,Pending,0.0
2356,19,2024-11-11,Highlander,40980.43,0.05,Completed,2049.0215000000003
2357,6,2024-11-27,Tundra,44605.19,0.05,Cancelled,2230.2595
2358,12,2024-11-30,RAV4,32428.28,0.03,Completed,972.8484
2359,6,2024-11-18,RAV4,28487.93,,Pending,0.0
2360,16,2024-11-17,Tacoma,39397.41,0.02,Completed,787.9482
2361,5,2024-11-25,Corolla,20647.92,0.02,Completed,412.9584
2362,6,2024-11-03,RAV4,31101.84,,Completed,0.0
2363,14,2024-11-30,Highlander,37522.24,0.05,Completed,1876.112
2364,20,2024-11-09,Highlander,39099.27,0.02,Completed,781.9853999999999
2365,1,2024-11-05,Corolla,22537.72,,Completed,0.0
2366,17,2024-11-21,Corolla,21194.67,,Completed,0.0
2367,10,2024-11-02,RAV4,27635.78,0.02,Pending,552.7156
2368,5,2024-11-17,RAV4,32885.7,0.05,Completed,1644.2849999999999
2369,1,2024-11-18,Camry,27190.67,,Completed,0.0
2370,2,2024-11-20,RAV4,31588.05,,Completed,0.0
2371,20,2024-11-15,RAV4,34881.13,0.02,Pending,697.6225999999999
2372,18,2024-11-04,Tundra,48069.83,0.03,Pending,1442.0949
2373,1,2024-11-04,Camry,29383.86,,Completed,0.0
2374,16,2024-11-10,Highlander,37606.32,0.02,Completed,752.1264
2375,14,2024-11-20,Corolla,22751.12,0.02,Cancelled,455.0224
2376,9,2024-11-29,RAV4,27258.42,0.05,Completed,1362.921
2377,3,2024-11-21,Highlander,44742.58,0.05,Completed,2237.1290000000004
2378,6,2024-11-28,Highlander,35703.71,0.03,Completed,1071.1113
2379,2,2024-11-28,RAV4,27804.92,0.05,Completed,1390.246
2380,12,2024-11-02,Tacoma,33042.15,0.02,Cancelled,660.8430000000001
2381,9,2024-11-18,Tundra,44988.96,,Completed,0.0
2382,10,2024-11-27,Highlander,42789.36,0.02,Completed,855.7872
2383,7,2024-11-06,RAV4,27861.88,0.03,Pending,835.8564
2384,7,2024-11-11,Camry,29925.72,0.05,Completed,1496.286
2385,18,2024-11-10,Camry,26451.71,0.03,Pending,793.5513
2386,8,2024-11-10,Tacoma,34529.72,0.05,Completed,1726.486
2387,13,2024-11-07,Highlander,39563.95,0.02,Completed,791.279
2388,10,2024-11-28,Highlander,41007.47,,Completed,0.0
2389,13,2024-11-30,RAV4,27079.47,0.02,Completed,541.5894000000001
2390,16,2024-11-30,Camry,26517.58,,Pending,0.0
2391,14,2024-11-08,Tundra,44219.59,0.03,Completed,1326.5876999999998
2392,18,2024-11-09,Tacoma,35060.11,,Completed,0.0
2393,18,2024-11-15,Highlander,43894.67,0.03,Cancelled,1316.8401
2394,20,2024-11-13,Highlander,40594.52,,Completed,0.0
2395,1,2024-11-26,RAV4,33052.0,0.03,Cancelled,991.56
2396,5,2024-11-04,Tacoma,37535.1,0.03,Completed,1126.0529999999999
2397,16,2024-11-20,RAV4,30983.94,0.02,Pending,619.6788
2398,7,2024-11-27,RAV4,32160.72,0.03,Completed,964.8216
2399,1,2024-11-23,Camry,29345.05,0.05,Completed,1467.2525
2400,10,2024-11-25,Corolla,20943.82,,Completed,0.0
2401,3,2024-11-26,RAV4,29204.0,,Cancelled,0.0
2402,1,2024-11-29,Highlander,39334.61,,Completed,0.0
2403,4,2024-11-20,Tundra,41994.63,0.05,Cancelled,2099.7315
2404,10,2024-11-14,Camry,27679.98,0.05,Completed,1383.999
2405,3,2024-11-28,Highlander,42186.73,0.02,Completed,843.7346000000001
2406,20,2024-11-14,Tundra,41457.04,0.02,Completed,829.1408
2407,11,2024-11-05,Camry,29322.61,,Completed,0.0
2408,16,2024-11-01,RAV4,34710.96,0.03,Completed,1041.3288
2409,6,2024-11-02,Tacoma,35738.82,0.02,Pending,714.7764
2410,4,2024-11-13,RAV4,28786.48,0.05,Completed,1439.324
2411,2,2024-11-19,Camry,26856.74,,Completed,0.0
2412,7,2024-11-02,Corolla,24632.68,0.03,Completed,738.9804
2413,12,2024-11-23,RAV4,31620.76,,Completed,0.0
2414,3,2024-11-11,Tacoma,31864.62,0.02,Pending,637.2924
2415,12,2024-11-19,Camry,26488.1,0.03,Completed,794.6429999999999
2416,16,2024-11-17,Corolla,21154.31,0.03,Pending,634.6293000000001
2417,19,2024-11-19,Tacoma,32824.89,,Cancelled,0.0
2418,1,2024-11-28,Tundra,39353.28,0.05,Completed,1967.664
2419,15,2024-11-01,Camry,28339.06,0.03,Pending,850.1718
2420,18,2024-11-01,Tundra,37027.79,,Completed,0.0
2421,7,2024-11-03,RAV4,30875.28,,Completed,0.0
2422,16,2024-11-07,Camry,28439.64,0.03,Completed,853.1891999999999
2423,12,2024-11-24,Tundra,44565.49,0.02,Pending,891.3098
2424,9,2024-11-21,Highlander,35008.84,0.05,Completed,1750.442
2425,11,2024-11-14,Highlander,37551.09,0.02,Completed,751.0218
2426,12,2024-11-16,Highlander,43672.2,0.02,Completed,873.444
2427,16,2024-11-07,Camry,28715.12,0.02,Pending,574.3024
2428,17,2024-11-02,Camry,29955.85,,Completed,0.0
2429,14,2024-11-23,Tundra,40992.84,0.05,Completed,2049.642
2430,17,2024-11-26,Camry,28539.37,,Completed,0.0
2431,6,2024-11-26,Camry,29069.38,0.05,Completed,1453.469
2432,6,2024-11-11,Camry,27166.25,0.03,Completed,814.9875
2433,5,2024-11-01,Camry,28357.99,0.03,Cancelled,850.7397
2434,3,2024-11-06,Highlander,41906.04,0.02,Pending,838.1208
2435,16,2024-11-30,Highlander,35112.81,,Cancelled,0.0
2436,17,2024-11-13,Tundra,39303.14,,Completed,0.0
2437,19,2024-11-24,Tundra,41911.15,0.02,Completed,838.2230000000001
2438,6,2024-11-08,Camry,28504.48,0.02,Completed,570.0896
2439,9,2024-11-05,Camry,26230.05,,Pending,0.0
2440,9,2024-11-01,RAV4,30357.18,0.05,Completed,1517.8590000000002
2441,2,2024-11-17,Tundra,39210.92,0.05,Cancelled,1960.546
2442,4,2024-11-01,Tacoma,38176.48,0.02,Completed,763.5296000000001
2443,1,2024-11-15,Highlander,44816.23,0.05,Cancelled,2240.8115000000003
2444,14,2024-11-08,Corolla,21762.79,0.05,Completed,1088.1395
2445,15,2024-11-05,Tundra,39853.85,0.02,Cancelled,797.077
2446,10,2024-11-13,Highlander,42909.62,0.02,Completed,858.1924
2447,16,2024-11-13,Tacoma,37161.74,0.05,Completed,1858.087
2448,18,2024-11-26,Highlander,35849.45,0.03,Completed,1075.4834999999998
2449,8,2024-11-08,Tacoma,35295.59,0.02,Cancelled,705.9118
2450,4,2024-11-18,Highlander,42674.68,,Pending,0.0
2451,3,2024-11-19,Corolla,21199.2,0.03,Pending,635.976
2452,13,2024-11-07,RAV4,32356.31,0.05,Completed,1617.8155000000002
2453,20,2024-11-14,Tundra,36797.33,,Pending,0.0
2454,10,2024-11-21,Highlander,42957.57,0.05,Pending,2147.8785000000003
2455,17,2024-11-20,Tundra,44179.3,0.03,Completed,1325.3790000000001
2456,3,2024-11-06,Tacoma,34567.29,0.02,Completed,691.3458
2457,17,2024-11-01,Tundra,41027.55,,Completed,0.0
2458,20,2024-11-17,Corolla,23103.42,,Pending,0.0
2459,1,2024-11-20,Tundra,46475.48,0.03,Completed,1394.2644
2460,16,2024-11-26,Camry,28271.88,0.05,Completed,1413.594
2461,13,2024-11-12,Tundra,41894.81,0.03,Cancelled,1256.8443
2462,5,2024-11-06,Tacoma,34352.45,0.02,Completed,687.049
2463,14,2024-11-24,RAV4,27664.0,0.05,Completed,1383.2
2464,19,2024-11-22,Tundra,35921.27,0.03,Cancelled,1077.6381
2465,16,2024-11-02,Corolla,20001.2,0.05,Completed,1000.0600000000001
2466,7,2024-11-02,Highlander,37664.37,0.02,Completed,753.2874
2467,1,2024-11-24,Camry,27689.54,0.05,Completed,1384.477
2468,4,2024-11-20,Tundra,41724.59,0.05,Completed,2086.2295
2469,9,2024-11-17,Camry,25841.86,0.02,Cancelled,516.8372
2470,5,2024-11-08,Tacoma,36983.38,0.05,Pending,1849.1689999999999
2471,6,2024-11-04,Camry,29729.93,0.02,Completed,594.5986
2472,19,2024-11-15,Camry,25744.71,0.05,Pending,1287.2355
2473,13,2024-11-15,Camry,27060.76,0.05,Cancelled,1353.038
2474,10,2024-11-22,Highlander,44941.45,0.03,Completed,1348.2434999999998
2475,5,2024-11-13,Highlander,44007.62,0.03,Pending,1320.2286000000001
2476,2,2024-11-02,Tacoma,39217.32,,Completed,0.0
2477,19,2024-11-03,Tundra,44562.03,0.02,Completed,891.2406
2478,1,2024-11-06,Tacoma,37315.62,0.02,Completed,746.3124
2479,6,2024-11-02,Tacoma,34573.52,0.05,Cancelled,1728.676
2480,16,2024-11-14,Corolla,23813.59,0.02,Pending,476.2718
2481,2,2024-11-12,Camry,28234.86,,Completed,0.0
2482,19,2024-11-12,Corolla,22278.52,,Completed,0.0
2483,12,2024-11-27,Corolla,21744.12,0.05,Pending,1087.206
2484,7,2024-11-04,Tacoma,37668.17,,Cancelled,0.0
2485,1,2024-11-11,Tacoma,30720.79,0.02,Pending,614.4158
2486,16,2024-11-11,Corolla,24641.28,0.05,Completed,1232.064
2487,6,2024-11-07,Highlander,41029.43,0.02,Completed,820.5886
2488,2,2024-11-21,Camry,25743.3,0.03,Pending,772.299
2489,16,2024-11-27,Corolla,20001.37,0.02,Pending,400.0274
2490,5,2024-11-05,RAV4,30597.41,0.05,Completed,1529.8705
2491,6,2024-11-12,Camry,27057.16,0.03,Completed,811.7148
2492,2,2024-11-30,RAV4,32628.73,0.02,Completed,652.5746
2493,12,2024-11-14,Tundra,44953.37,0.03,Completed,1348.6011
2494,15,2024-11-16,Tacoma,35263.32,0.03,Completed,1057.8996
2495,14,2024-11-01,RAV4,27248.34,0.05,Pending,1362.4170000000001
2496,17,2024-11-05,Tundra,48387.36,0.05,Completed,2419.368
2497,9,2024-11-21,Tacoma,38750.98,0.02,Pending,775.0196000000001
2498,15,2024-11-27,RAV4,31577.43,0.02,Completed,631.5486
2499,19,2024-11-10,Tacoma,38567.57,0.02,Pending,771.3514
2500,2,2024-11-11,Camry,25697.28,0.03,Completed,770.9183999999999
2501,11,2024-11-15,Highlander,37726.8,0.03,Completed,1131.804
2502,1,2024-11-08,Camry,26870.93,0.05,Completed,1343.5465000000002
2503,16,2024-11-05,Corolla,24625.95,0.03,Completed,738.7785
2504,11,2024-11-09,Highlander,39172.71,,Cancelled,0.0
2505,10,2024-11-13,Highlander,35460.4,0.05,Completed,1773.0200000000002
2506,2,2024-11-07,Tundra,40983.07,0.03,Completed,1229.4921
2507,20,2024-11-15,Highlander,35905.57,0.05,Completed,1795.2785000000001
2508,17,2024-11-19,RAV4,29112.36,,Completed,0.0
2509,11,2024-11-05,Tacoma,33655.4,0.02,Completed,673.1080000000001
2510,8,2024-11-14,Corolla,24041.35,0.03,Completed,721.2404999999999
2511,13,2024-11-03,Corolla,20206.28,0.03,Completed,606.1883999999999
2512,9,2024-11-10,Tundra,49210.31,0.02,Completed,984.2062
2513,18,2024-11-27,Camry,29053.58,,Pending,0.0
2514,13,2024-11-23,Tundra,48057.63,,Completed,0.0
2515,14,2024-11-21,Highlander,43408.56,0.05,Completed,2170.428
2516,2,2024-11-13,Camry,29643.0,,Completed,0.0
2517,8,2024-11-16,Camry,27955.25,0.05,Cancelled,1397.7625
2518,12,2024-11-14,Tundra,46271.92,0.02,Completed,925.4384
2519,5,2024-11-05,Corolla,23829.8,0.03,Pending,714.894
2520,2,2024-11-14,Tacoma,37524.48,0.03,Completed,1125.7344
2521,9,2024-11-16,Camry,28463.11,,Completed,0.0
2522,12,2024-11-17,Highlander,37814.44,0.03,Completed,1134.4332
2523,19,2024-11-16,Tacoma,37834.48,,Completed,0.0
2524,10,2024-11-02,Tacoma,38806.39,0.02,Completed,776.1278
2525,16,2024-11-28,Tacoma,33129.01,0.05,Cancelled,1656.4505000000001
2526,7,2024-11-19,Tacoma,35673.38,0.05,Pending,1783.6689999999999
2527,17,2024-11-03,RAV4,31960.27,,Completed,0.0
2528,17,2024-11-14,Tacoma,31010.58,0.03,Completed,930.3174
2529,2,2024-11-05,Tundra,39228.25,0.05,Completed,1961.4125000000001
2530,9,2024-11-25,Camry,26434.53,0.05,Pending,1321.7265
2531,7,2024-11-18,Highlander,39406.35,,Pending,0.0
2532,13,2024-11-21,Corolla,23038.18,0.02,Completed,460.7636
2533,18,2024-11-08,RAV4,27150.63,0.02,Completed,543.0126
2534,11,2024-11-10,Camry,26715.31,0.03,Pending,801.4593
2535,17,2024-11-07,RAV4,29423.46,0.05,Completed,1471.173
2536,19,2024-11-12,Corolla,24619.18,0.05,Cancelled,1230.959
2537,20,2024-11-30,RAV4,33181.55,0.03,Completed,995.4465
2538,20,2024-11-21,Corolla,23795.21,0.02,Cancelled,475.9042
2539,3,2024-11-18,Tacoma,35917.81,0.03,Completed,1077.5342999999998
2540,18,2024-11-26,Camry,25387.2,0.03,Completed,761.616
2541,13,2024-11-17,Camry,27156.23,0.02,Pending,543.1246
2542,16,2024-11-02,Tacoma,33576.27,0.05,Completed,1678.8135
2543,7,2024-11-07,RAV4,27972.11,0.05,Completed,1398.6055000000001
2544,11,2024-11-05,Camry,27154.27,0.05,Completed,1357.7135
2545,20,2024-11-25,Tundra,40035.21,0.05,Completed,2001.7605
2546,2,2024-11-15,Corolla,24520.77,0.05,Pending,1226.0385
2547,11,2024-11-05,Camry,26320.05,0.05,Completed,1316.0025
2548,15,2024-11-24,Corolla,23043.26,,Completed,0.0
2549,16,2024-11-30,Corolla,24542.28,,Completed,0.0
2550,3,2024-11-09,Camry,25518.72,0.05,Completed,1275.9360000000001
2551,8,2024-11-17,Camry,25877.31,0.03,Completed,776.3193
2552,2,2024-11-28,Tacoma,35967.24,0.03,Completed,1079.0172
2553,18,2024-11-15,Tacoma,30848.98,0.05,Completed,1542.449
2554,19,2024-11-26,Camry,28628.21,0.02,Completed,572.5642
2555,5,2024-11-23,Tacoma,35554.69,0.03,Cancelled,1066.6407
2556,18,2024-11-11,Tacoma,38876.45,,Completed,0.0
2557,18,2024-11-13,Tacoma,34781.85,0.05,Completed,1739.0925
2558,11,2024-11-02,Corolla,21157.74,,Completed,0.0
2559,9,2024-11-23,Camry,26885.18,0.02,Pending,537.7036
2560,5,2024-11-25,Tacoma,34803.65,0.02,Cancelled,696.0730000000001
2561,17,2024-11-06,Highlander,44356.91,,Completed,0.0
2562,10,2024-11-07,RAV4,31626.24,0.05,Completed,1581.3120000000001
2563,20,2024-11-07,Camry,29715.78,0.05,Pending,1485.789
2564,3,2024-11-07,RAV4,31499.42,,Completed,0.0
2565,7,2024-11-24,RAV4,29093.58,0.03,Cancelled,872.8074
2566,17,2024-11-01,Tacoma,39493.6,0.05,Completed,1974.68
2567,15,2024-11-30,Camry,26034.93,0.03,Completed,781.0479
2568,4,2024-11-25,RAV4,29050.09,0.02,Pending,581.0018
2569,12,2024-11-14,Highlander,40790.02,0.02,Completed,815.8004
2570,12,2024-11-18,RAV4,34233.86,0.03,Completed,1027.0158
2571,11,2024-11-06,Tundra,40849.91,0.05,Completed,2042.4955000000002
2572,18,2024-11-30,RAV4,32371.32,,Completed,0.0
2573,2,2024-11-06,Camry,28442.66,0.02,Pending,568.8532
2574,13,2024-11-12,RAV4,29138.09,0.03,Completed,874.1427
2575,12,2024-11-02,Corolla,21679.77,0.03,Completed,650.3931
2576,4,2024-11-01,RAV4,32421.44,0.05,Completed,1621.0720000000001
2577,2,2024-11-09,Highlander,39357.43,0.03,Completed,1180.7229
2578,7,2024-11-18,Tundra,49923.84,0.02,Completed,998.4767999999999
2579,16,2024-11-14,Tacoma,30011.69,0.05,Completed,1500.5845
2580,11,2024-11-14,RAV4,34757.29,,Completed,0.0
2581,10,2024-11-23,Tacoma,39676.16,0.03,Completed,1190.2848000000001
2582,16,2024-11-10,Corolla,22262.11,0.03,Cancelled,667.8633
2583,19,2024-11-19,Camry,27547.82,0.05,Completed,1377.391
2584,17,2024-11-17,RAV4,32269.73,0.03,Completed,968.0918999999999
2585,19,2024-11-09,Camry,25817.92,0.05,Completed,1290.896
2586,3,2024-11-05,Tundra,40704.58,,Completed,0.0
2587,20,2024-11-20,Camry,25324.11,0.03,Completed,759.7233
2588,15,2024-11-15,Corolla,20099.69,,Completed,0.0
2589,14,2024-11-09,Camry,27123.9,0.05,Completed,1356.1950000000002
2590,4,2024-11-03,Camry,28945.03,,Completed,0.0
2591,5,2024-11-23,Corolla,23389.08,0.02,Completed,467.7816
2592,6,2024-11-08,Highlander,40255.8,0.03,Completed,1207.674
2593,20,2024-11-15,Camry,26135.51,,Completed,0.0
2594,18,2024-11-10,Camry,27422.17,0.02,Completed,548.4434
2595,4,2024-11-20,RAV4,28144.34,0.02,Completed,562.8868
2596,15,2024-11-06,Highlander,40625.52,0.02,Completed,812.5104
2597,5,2024-11-04,Highlander,37443.81,0.03,Completed,1123.3142999999998
2598,8,2024-11-28,Highlander,44771.54,0.02,Completed,895.4308000000001
2599,6,2024-11-13,Camry,28308.33,,Completed,0.0
2600,5,2024-11-14,Corolla,21844.38,0.05,Completed,1092.219
2601,5,2024-11-22,Highlander,36193.13,0.02,Completed,723.8625999999999
2602,11,2024-11-02,Tundra,36954.19,,Pending,0.0
2603,13,2024-11-22,Highlander,44481.14,0.05,Pending,2224.0570000000002
2604,16,2024-11-15,Corolla,22998.98,0.02,Completed,459.9796
2605,8,2024-11-27,Tacoma,39389.27,0.02,Cancelled,787.7854
2606,13,2024-11-07,Tundra,49354.22,0.02,Cancelled,987.0844000000001
2607,6,2024-11-23,Camry,28726.51,,Completed,0.0
2608,16,2024-11-24,Tundra,36815.23,0.03,Completed,1104.4569000000001
2609,7,2024-11-10,Corolla,20180.49,0.02,Completed,403.60980000000006
2610,19,2024-11-14,Corolla,20625.6,,Pending,0.0
2611,16,2024-11-14,RAV4,29215.44,0.03,Pending,876.4631999999999
2612,11,2024-11-03,Tacoma,37312.31,0.05,Completed,1865.6154999999999
2613,6,2024-11-24,Highlander,36499.49,0.02,Completed,729.9898
2614,5,2024-11-11,RAV4,28719.43,0.03,Pending,861.5829
2615,2,2024-11-09,Tundra,38349.66,0.05,Pending,1917.4830000000002
2616,18,2024-11-02,Tundra,37106.0,0.03,Pending,1113.18
2617,15,2024-11-28,Camry,28464.03,0.02,Cancelled,569.2805999999999
2618,6,2024-11-20,Camry,25166.76,0.05,Pending,1258.338
2619,15,2024-11-16,Tacoma,30865.93,0.03,Completed,925.9779
2620,1,2024-11-20,Tacoma,38100.55,0.05,Completed,1905.0275000000001
2621,9,2024-11-14,Camry,28599.02,0.03,Pending,857.9706
2622,12,2024-11-12,RAV4,29602.25,0.05,Cancelled,1480.1125000000002
2623,14,2024-11-20,Tacoma,32021.65,0.03,Completed,960.6495
2624,7,2024-11-21,Tundra,46239.37,,Pending,0.0
2625,3,2024-11-15,Tacoma,30306.42,0.02,Cancelled,606.1283999999999
2626,20,2024-11-08,Tacoma,35394.15,,Completed,0.0
2627,4,2024-11-09,Camry,26595.45,,Completed,0.0
2628,12,2024-11-10,RAV4,34568.1,0.03,Completed,1037.043
2629,3,2024-11-01,Tacoma,37310.61,,Pending,0.0
2630,19,2024-11-08,Highlander,40025.94,0.03,Completed,1200.7782
2631,14,2024-11-01,RAV4,33291.94,0.05,Completed,1664.5970000000002
2632,13,2024-11-30,RAV4,28041.83,0.05,Completed,1402.0915000000002
2633,13,2024-11-04,Camry,28465.77,0.02,Cancelled,569.3154000000001
2634,20,2024-11-19,Tacoma,33901.67,0.02,Completed,678.0334
2635,11,2024-11-13,Tundra,38934.08,0.02,Cancelled,778.6816
2636,15,2024-11-27,Tundra,45535.83,0.03,Completed,1366.0749
2637,12,2024-11-07,RAV4,32656.22,,Completed,0.0
2638,17,2024-11-10,Corolla,22043.37,,Completed,0.0
2639,11,2024-11-08,RAV4,29036.16,0.02,Completed,580.7232
2640,12,2024-11-10,Corolla,22836.07,0.02,Completed,456.7214
2641,2,2024-11-02,Highlander,42084.81,0.02,Completed,841.6962
2642,17,2024-11-10,Corolla,23894.31,0.05,Completed,1194.7155
2643,5,2024-11-26,Tacoma,33670.0,0.03,Completed,1010.0999999999999
2644,8,2024-11-30,Tundra,44990.53,0.03,Pending,1349.7159
2645,1,2024-11-29,Highlander,42502.77,,Completed,0.0
2646,3,2024-11-13,Tundra,48965.91,,Completed,0.0
2647,4,2024-11-28,Corolla,23705.54,0.03,Pending,711.1662
2648,14,2024-11-14,RAV4,27843.93,0.05,Completed,1392.1965
2649,9,2024-11-30,Tundra,39998.58,0.05,Completed,1999.929
2650,7,2024-11-05,RAV4,32731.68,0.03,Completed,981.9504
2651,9,2024-11-25,Tundra,44430.09,,Completed,0.0
2652,2,2024-11-09,RAV4,30149.07,0.05,Completed,1507.4535
2653,19,2024-11-15,Highlander,41888.16,,Completed,0.0
2654,10,2024-11-11,Camry,27608.73,,Cancelled,0.0
2655,14,2024-11-04,Tacoma,35710.98,0.05,Completed,1785.5490000000002
2656,6,2024-11-18,Tundra,37571.38,,Completed,0.0
2657,15,2024-11-21,Tacoma,31568.76,,Pending,0.0
2658,6,2024-11-17,Camry,28872.71,0.03,Completed,866.1813
2659,17,2024-11-30,Camry,27133.62,0.03,Completed,814.0085999999999
2660,3,2024-11-18,RAV4,29975.41,0.02,Completed,599.5082
2661,5,2024-11-16,Tundra,41625.73,0.03,Completed,1248.7719
2662,13,2024-11-02,RAV4,28535.6,0.03,Completed,856.0679999999999
2663,10,2024-11-28,Camry,25872.54,,Pending,0.0
2664,15,2024-11-18,Tundra,39430.34,0.02,Completed,788.6067999999999
2665,13,2024-11-23,Tacoma,30902.97,0.03,Completed,927.0891
2666,15,2024-11-15,RAV4,27548.12,,Completed,0.0
2667,20,2024-11-23,Camry,27353.81,0.05,Completed,1367.6905000000002
2668,16,2024-11-19,Corolla,23139.16,0.03,Pending,694.1748
2669,17,2024-11-07,Camry,28230.69,,Completed,0.0
2670,9,2024-11-16,Tundra,47258.79,,Completed,0.0
2671,10,2024-11-18,Camry,27187.05,0.03,Completed,815.6115
2672,14,2024-11-04,Camry,29158.39,,Completed,0.0
2673,11,2024-11-04,RAV4,34957.29,0.03,Pending,1048.7187
2674,16,2024-11-02,RAV4,29564.95,0.03,Completed,886.9485
2675,18,2024-11-15,Camry,26461.97,0.05,Completed,1323.0985
2676,18,2024-11-30,RAV4,29404.29,,Completed,0.0
2677,8,2024-11-21,Corolla,20998.91,0.03,Completed,629.9673
2678,2,2024-11-12,Tacoma,38690.48,,Completed,0.0
2679,15,2024-11-21,Tacoma,36599.36,0.02,Completed,731.9872
2680,9,2024-11-11,Camry,27688.81,0.05,Completed,1384.4405000000002
2681,8,2024-11-28,RAV4,27441.4,0.02,Completed,548.8280000000001
2682,13,2024-11-17,Camry,28203.26,,Completed,0.0
2683,2,2024-11-20,RAV4,28964.32,0.05,Completed,1448.2160000000001
2684,5,2024-11-02,RAV4,27791.77,,Completed,0.0
2685,11,2024-11-03,Highlander,36757.46,0.05,Completed,1837.873
2686,8,2024-11-22,Highlander,43898.39,0.02,Completed,877.9678
2687,3,2024-11-20,Camry,27967.0,,Pending,0.0
2688,9,2024-11-22,Tacoma,38276.95,0.02,Completed,765.539
2689,1,2024-11-08,Camry,28791.25,0.02,Completed,575.825
2690,14,2024-11-10,Corolla,21851.71,0.05,Completed,1092.5855
2691,9,2024-11-16,Tacoma,33004.94,0.02,Completed,660.0988000000001
2692,11,2024-11-15,Corolla,20423.63,0.02,Completed,408.47260000000006
2693,4,2024-11-12,RAV4,34452.21,,Completed,0.0
2694,10,2024-11-21,Corolla,24373.17,0.02,Pending,487.4634
2695,18,2024-11-15,Corolla,21661.37,,Pending,0.0
2696,11,2024-11-29,Highlander,36980.53,,Completed,0.0
2697,10,2024-11-19,RAV4,28357.66,,Completed,0.0
2698,1,2024-11-20,Camry,28743.84,0.03,Pending,862.3152
2699,12,2024-11-23,RAV4,29860.49,0.02,Completed,597.2098000000001
2700,18,2024-11-19,Camry,29497.52,0.03,Pending,884.9256
2701,15,2024-11-13,Tacoma,32112.2,0.03,Completed,963.366
2702,13,2024-11-21,Tacoma,39982.1,0.02,Completed,799.6419999999999
2703,12,2024-11-18,Corolla,21734.8,0.03,Pending,652.044
2704,13,2024-11-19,Corolla,21205.5,0.05,Completed,1060.275
2705,17,2024-11-12,Corolla,24809.68,0.05,Completed,1240.4840000000002
2706,11,2024-11-08,RAV4,32403.96,0.05,Completed,1620.198
2707,7,2024-11-19,Corolla,21668.59,,Completed,0.0
2708,4,2024-11-02,Tacoma,38012.93,0.05,Completed,1900.6465
2709,8,2024-11-01,Highlander,38139.04,0.02,Completed,762.7808
2710,11,2024-11-08,Camry,28995.32,0.05,Completed,1449.766
2711,15,2024-11-02,Corolla,23142.93,,Pending,0.0
2712,7,2024-11-25,Camry,26502.79,0.03,Pending,795.0837
2713,12,2024-11-22,Tundra,35530.56,0.03,Completed,1065.9168
2714,2,2024-11-18,RAV4,34114.29,,Pending,0.0
2715,16,2024-11-28,RAV4,28404.7,,Pending,0.0
2716,16,2024-11-25,Highlander,42283.85,0.05,Completed,2114.1925
2717,8,2024-11-25,Highlander,41972.65,,Completed,0.0
2718,19,2024-11-13,Tundra,46499.51,,Completed,0.0
2719,4,2024-11-07,Camry,26795.58,0.03,Cancelled,803.8674
2720,12,2024-11-11,Corolla,23079.79,0.05,Completed,1153.9895000000001
2721,16,2024-11-27,RAV4,31046.7,,Completed,0.0
2722,1,2024-11-22,Tundra,43431.64,0.03,Cancelled,1302.9492
2723,3,2024-11-02,Tundra,38834.27,0.03,Completed,1165.0280999999998
2724,1,2024-11-05,Corolla,24628.84,0.03,Pending,738.8652
2725,1,2024-11-04,Corolla,20692.6,0.05,Completed,1034.6299999999999
2726,14,2024-11-25,Tundra,49300.19,0.03,Pending,1479.0057
2727,9,2024-11-20,RAV4,31323.89,0.02,Completed,626.4778
2728,6,2024-11-18,Camry,27981.05,0.03,Completed,839.4314999999999
2729,1,2024-11-01,Corolla,22248.02,0.05,Completed,1112.401
2730,9,2024-11-03,Camry,25744.9,0.05,Completed,1287.2450000000001
2731,2,2024-11-10,Corolla,20676.96,0.05,Completed,1033.848
2732,16,2024-11-21,Camry,28150.88,0.05,Pending,1407.544
2733,1,2024-11-12,Tundra,35246.14,,Pending,0.0
2734,8,2024-11-30,Camry,28935.74,,Completed,0.0
2735,6,2024-11-05,RAV4,34372.01,0.05,Cancelled,1718.6005000000002
2736,5,2024-11-23,RAV4,34815.44,0.02,Completed,696.3088
2737,14,2024-11-25,Camry,29932.12,,Completed,0.0
2738,13,2024-11-27,Corolla,20283.05,0.05,Cancelled,1014.1525
2739,19,2024-11-07,Tundra,39818.63,0.02,Completed,796.3725999999999
2740,17,2024-11-14,RAV4,30716.08,0.02,Completed,614.3216000000001
2741,16,2024-11-29,Corolla,23553.75,,Completed,0.0
2742,8,2024-11-16,Tundra,45922.4,0.03,Completed,1377.672
2743,20,2024-11-01,Tundra,45939.76,0.03,Completed,1378.1928
2744,18,2024-11-08,Highlander,40370.55,,Completed,0.0
2745,16,2024-11-14,RAV4,28476.54,0.05,Completed,1423.8270000000002
2746,19,2024-11-14,Highlander,39635.68,0.03,Cancelled,1189.0704
2747,19,2024-11-10,Corolla,23388.69,,Pending,0.0
2748,3,2024-11-04,Highlander,44270.36,0.02,Cancelled,885.4072
2749,16,2024-11-27,Tundra,48727.24,0.02,Completed,974.5448
2750,9,2024-11-14,Tundra,41532.08,0.02,Completed,830.6416
2751,5,2024-11-14,Corolla,22849.22,0.03,Completed,685.4766
2752,20,2024-11-08,Corolla,24325.4,0.03,Pending,729.7620000000001
2753,20,2024-11-24,Highlander,39108.35,0.05,Completed,1955.4175
2754,20,2024-11-21,Corolla,23663.0,0.02,Pending,473.26
2755,4,2024-11-27,Tacoma,37204.34,0.02,Completed,744.0867999999999
2756,10,2024-11-13,Camry,25858.59,0.05,Pending,1292.9295000000002
2757,6,2024-11-08,Highlander,43159.54,0.02,Completed,863.1908000000001
2758,19,2024-11-08,Camry,25707.74,0.02,Completed,514.1548
2759,17,2024-11-28,Highlander,36203.79,0.05,Completed,1810.1895000000002
2760,10,2024-11-08,Corolla,21421.99,0.05,Completed,1071.0995
2761,7,2024-11-19,Tundra,48903.1,0.02,Completed,978.062
2762,16,2024-11-07,Tacoma,33037.72,0.02,Completed,660.7544
2763,18,2024-11-05,Tacoma,33133.46,,Completed,0.0
2764,9,2024-11-27,Corolla,20898.77,,Completed,0.0
2765,17,2024-11-05,Tundra,42645.09,0.05,Pending,2132.2545
2766,14,2024-11-22,Tacoma,30466.59,0.02,Completed,609.3318
2767,20,2024-11-22,Tundra,48740.68,0.05,Completed,2437.034
2768,18,2024-11-01,Highlander,41909.47,,Completed,0.0
2769,4,2024-11-05,Corolla,21668.6,0.05,Cancelled,1083.43
2770,11,2024-11-06,Corolla,22329.5,,Completed,0.0
2771,13,2024-11-28,Highlander,39457.18,0.02,Pending,789.1436
2772,8,2024-11-23,RAV4,32272.45,,Completed,0.0
2773,8,2024-11-21,Tundra,36761.29,0.03,Cancelled,1102.8387
2774,20,2024-11-07,Camry,26382.72,,Completed,0.0
2775,12,2024-11-19,Tundra,47023.64,,Completed,0.0
2776,20,2024-11-07,Tundra,49635.89,0.05,Completed,2481.7945
2777,7,2024-11-10,Tacoma,33869.47,0.02,Completed,677.3894
2778,20,2024-11-16,Highlander,40487.31,0.03,Completed,1214.6192999999998
2779,18,2024-11-24,Corolla,21709.2,0.05,Pending,1085.46
2780,14,2024-11-15,Corolla,22146.22,,Pending,0.0
2781,20,2024-11-29,Tundra,45096.38,0.02,Completed,901.9276
2782,7,2024-11-03,Camry,26864.12,0.02,Completed,537.2823999999999
2783,16,2024-11-30,Tundra,47202.01,,Completed,0.0
2784,14,2024-11-08,Camry,25845.6,0.05,Completed,1292.28
2785,20,2024-11-07,Corolla,20905.4,,Pending,0.0
2786,15,2024-11-10,Camry,29216.04,0.02,Completed,584.3208000000001
2787,19,2024-11-07,Highlander,43975.76,0.02,Pending,879.5152
2788,1,2024-11-28,Corolla,22228.08,,Completed,0.0
2789,12,2024-11-13,RAV4,33266.24,0.02,Completed,665.3248
2790,7,2024-11-04,RAV4,27118.35,,Completed,0.0
2791,11,2024-11-06,Tundra,36631.67,0.05,Cancelled,1831.5835
2792,20,2024-11-19,Tundra,42397.15,0.02,Completed,847.9430000000001
2793,3,2024-11-08,Tundra,37451.98,0.03,Pending,1123.5594
2794,14,2024-11-19,Tundra,47911.2,0.02,Completed,958.2239999999999
2795,12,2024-11-13,Tundra,37869.31,,Completed,0.0
2796,1,2024-11-14,Corolla,21238.82,,Pending,0.0
2797,3,2024-11-19,Tacoma,39314.12,0.05,Pending,1965.7060000000001
2798,17,2024-11-24,Tundra,38854.48,0.05,Completed,1942.7240000000002
2799,19,2024-11-20,RAV4,30662.97,0.02,Pending,613.2594
2800,12,2024-11-09,Tacoma,30995.07,,Completed,0.0
2801,8,2024-11-25,Tundra,49138.13,0.05,Completed,2456.9065
2802,17,2024-11-18,Corolla,23417.62,0.05,Pending,1170.881
2803,19,2024-11-16,Tacoma,39446.85,0.05,Completed,1972.3425
2804,11,2024-11-10,Tundra,41471.81,0.03,Completed,1244.1543
2805,13,2024-11-03,Tundra,47656.73,0.05,Completed,2382.8365000000003
2806,15,2024-11-27,Corolla,22467.53,0.03,Completed,674.0259
2807,5,2024-11-14,Camry,26234.01,0.05,Pending,1311.7005
2808,19,2024-11-01,Highlander,37811.42,0.03,Completed,1134.3426
2809,18,2024-11-17,Tundra,47238.62,,Completed,0.0
2810,15,2024-11-05,RAV4,29404.52,0.05,Pending,1470.226
2811,20,2024-11-23,Highlander,42196.56,0.03,Completed,1265.8968
2812,14,2024-11-18,Tacoma,30657.4,,Completed,0.0
2813,1,2024-11-28,Highlander,40867.06,0.03,Completed,1226.0118
2814,9,2024-11-13,Camry,28107.88,,Pending,0.0
2815,20,2024-11-01,Tacoma,39195.1,0.02,Completed,783.902
2816,16,2024-11-03,Tundra,41734.37,0.03,Completed,1252.0311
2817,15,2024-11-17,Corolla,24412.18,0.02,Completed,488.2436
2818,6,2024-11-08,RAV4,33324.9,0.03,Completed,999.747
2819,6,2024-11-14,Corolla,24528.51,0.03,Pending,735.8552999999999
2820,5,2024-11-17,Tacoma,33118.05,0.03,Completed,993.5415
2821,10,2024-11-04,RAV4,30434.67,,Completed,0.0
2822,13,2024-11-12,Highlander,42682.04,0.05,Pending,2134.1020000000003
2823,11,2024-11-19,Camry,28550.78,,Completed,0.0
2824,5,2024-11-14,RAV4,34357.69,0.02,Completed,687.1538
2825,12,2024-11-13,Tundra,41229.82,0.05,Pending,2061.491
2826,11,2024-11-26,Highlander,40433.56,0.02,Pending,808.6712
2827,12,2024-11-02,RAV4,28315.74,,Completed,0.0
2828,17,2024-11-11,Camry,27238.51,0.03,Completed,817.1552999999999
2829,7,2024-11-19,Highlander,35518.8,,Cancelled,0.0
2830,14,2024-11-09,Highlander,41229.96,0.05,Completed,2061.498
2831,1,2024-11-07,Tacoma,34385.74,0.02,Cancelled,687.7148
2832,6,2024-11-13,Corolla,23770.82,,Pending,0.0
2833,3,2024-11-11,Corolla,20254.97,0.03,Pending,607.6491
2834,3,2024-11-24,Corolla,24459.39,0.05,Completed,1222.9695
2835,19,2024-11-28,Tundra,46714.41,,Pending,0.0
2836,5,2024-11-27,Tundra,46958.81,0.05,Completed,2347.9405
2837,5,2024-11-07,Tundra,38361.74,,Completed,0.0
2838,2,2024-11-16,Camry,25657.08,0.05,Completed,1282.8540000000003
2839,12,2024-11-09,Corolla,23333.63,,Completed,0.0
2840,19,2024-11-09,Tundra,48195.07,0.05,Completed,2409.7535000000003
2841,17,2024-11-01,Tacoma,37177.49,,Completed,0.0
2842,14,2024-11-19,RAV4,31251.67,0.02,Pending,625.0334
2843,1,2024-11-16,Corolla,20218.81,0.02,Pending,404.37620000000004
2844,8,2024-11-19,Tundra,42946.86,0.02,Completed,858.9372000000001
2845,18,2024-11-20,RAV4,34524.23,0.05,Completed,1726.2115000000003
2846,20,2024-11-27,RAV4,28957.61,0.03,Completed,868.7283
2847,16,2024-11-03,Tundra,48087.4,0.05,Completed,2404.3700000000003
2848,8,2024-11-26,Tacoma,30047.59,0.02,Completed,600.9518
2849,19,2024-11-12,RAV4,31606.79,0.02,Pending,632.1358
2850,15,2024-11-04,Tundra,48904.57,0.02,Completed,978.0914
2851,9,2024-11-16,Tundra,38594.36,0.03,Completed,1157.8308
2852,2,2024-11-18,Camry,29952.94,0.05,Pending,1497.647
2853,1,2024-11-02,Highlander,39355.34,0.05,Completed,1967.7669999999998
2854,19,2024-11-15,RAV4,31291.32,0.05,Cancelled,1564.566
2855,12,2024-11-23,Tundra,45260.79,0.02,Completed,905.2158000000001
2856,7,2024-11-04,Tundra,40821.14,0.02,Pending,816.4228
2857,1,2024-11-12,RAV4,32406.18,0.03,Cancelled,972.1854
2858,5,2024-11-26,Tundra,47808.5,0.05,Completed,2390.425
2859,17,2024-11-22,RAV4,29612.39,0.05,Completed,1480.6195
2860,13,2024-11-13,Camry,29897.43,0.03,Completed,896.9229
2861,16,2024-11-07,Highlander,35317.42,0.03,Completed,1059.5226
2862,8,2024-11-21,Highlander,39185.69,,Completed,0.0
2863,1,2024-11-01,Corolla,22636.52,0.03,Completed,679.0956
2864,15,2024-11-30,Tundra,40840.1,0.02,Completed,816.802
2865,5,2024-11-11,Highlander,44312.03,0.03,Completed,1329.3609
2866,15,2024-11-28,Corolla,23753.61,0.02,Completed,475.0722
2867,15,2024-11-16,RAV4,27787.38,0.03,Cancelled,833.6214
2868,8,2024-11-28,Corolla,23038.4,,Pending,0.0
2869,20,2024-11-10,Highlander,35490.13,,Completed,0.0
2870,1,2024-11-03,Highlander,40015.19,0.05,Completed,2000.7595000000001
2871,7,2024-11-21,Tacoma,31924.14,,Completed,0.0
2872,2,2024-11-16,Corolla,20003.27,0.05,Completed,1000.1635000000001
2873,1,2024-11-12,Tacoma,35879.38,,Pending,0.0
2874,13,2024-11-27,Camry,27459.91,0.02,Pending,549.1982
2875,9,2024-11-09,RAV4,27142.21,0.02,Completed,542.8442
2876,9,2024-11-05,Corolla,22308.14,,Completed,0.0
2877,7,2024-11-26,Corolla,20739.83,0.05,Completed,1036.9915
2878,15,2024-11-02,Tundra,49995.68,,Pending,0.0
2879,16,2024-11-22,Corolla,23520.06,0.03,Completed,705.6018
2880,11,2024-11-01,Highlander,43482.24,,Pending,0.0
2881,4,2024-11-06,Corolla,22483.79,0.03,Completed,674.5137
2882,5,2024-11-23,Corolla,23590.89,0.02,Completed,471.8178
2883,10,2024-11-06,RAV4,34022.1,,Completed,0.0
2884,10,2024-11-23,Camry,28167.17,0.03,Completed,845.0151
2885,2,2024-11-02,Highlander,38224.23,0.05,Completed,1911.2115000000003
2886,5,2024-11-01,RAV4,30031.54,0.02,Completed,600.6308
2887,18,2024-11-07,Highlander,42637.15,0.03,Pending,1279.1145
2888,19,2024-11-01,Corolla,22202.62,0.05,Pending,1110.131
2889,6,2024-11-08,Highlander,42852.74,0.02,Completed,857.0548
2890,14,2024-11-24,Corolla,21810.92,0.03,Completed,654.3276
2891,2,2024-11-05,Highlander,38308.64,0.02,Pending,766.1728
2892,12,2024-11-19,Highlander,38620.32,0.05,Completed,1931.016
2893,1,2024-11-30,Camry,29300.21,0.03,Completed,879.0062999999999
2894,12,2024-11-20,RAV4,33131.53,0.03,Cancelled,993.9458999999999
2895,19,2024-11-04,Corolla,20334.22,0.05,Completed,1016.7110000000001
2896,14,2024-11-07,RAV4,30411.49,,Completed,0.0
2897,13,2024-11-24,Tundra,35317.14,0.05,Completed,1765.857
2898,12,2024-11-28,RAV4,32191.99,0.02,Completed,643.8398000000001
2899,1,2024-11-10,Tundra,43297.8,0.02,Completed,865.9560000000001
2900,18,2024-11-03,Tundra,48044.76,,Completed,0.0
2901,7,2024-11-03,Corolla,23464.25,,Pending,0.0
2902,20,2024-11-30,Highlander,37248.75,,Completed,0.0
2903,18,2024-11-15,Tacoma,38980.47,0.02,Cancelled,779.6094
2904,15,2024-11-30,Highlander,44092.15,0.02,Completed,881.8430000000001
2905,8,2024-11-27,Tundra,40568.43,0.03,Completed,1217.0529
2906,7,2024-11-16,Corolla,23733.57,,Completed,0.0
2907,5,2024-11-23,Camry,28002.72,0.02,Completed,560.0544
2908,20,2024-11-03,Tacoma,36390.59,,Completed,0.0
2909,15,2024-11-14,Tacoma,38494.92,0.05,Completed,1924.746
2910,4,2024-11-08,Camry,25792.4,0.03,Completed,773.772
2911,2,2024-11-17,Tacoma,31594.41,0.03,Completed,947.8322999999999
2912,1,2024-11-01,Camry,26599.39,,Pending,0.0
2913,8,2024-11-12,Highlander,41086.27,0.02,Completed,821.7253999999999
2914,7,2024-11-13,RAV4,34571.05,,Completed,0.0
2915,6,2024-11-13,Tundra,37046.77,0.05,Pending,1852.3384999999998
2916,6,2024-11-19,RAV4,27009.18,0.02,Completed,540.1836000000001
2917,1,2024-11-29,Tundra,42212.15,0.05,Completed,2110.6075
2918,11,2024-11-16,RAV4,29961.01,0.05,Completed,1498.0505
2919,13,2024-11-01,Highlander,40712.83,0.05,Completed,2035.6415000000002
2920,20,2024-11-17,Highlander,40040.62,0.03,Completed,1201.2186
2921,10,2024-11-21,Tacoma,35745.68,0.02,Completed,714.9136
2922,9,2024-11-13,Tacoma,34632.47,0.03,Completed,1038.9741
2923,16,2024-11-01,Highlander,36456.17,0.02,Completed,729.1234
2924,7,2024-11-08,Tundra,38471.43,0.03,Completed,1154.1429
2925,13,2024-11-20,Highlander,42396.22,0.05,Completed,2119.811
2926,19,2024-11-17,RAV4,32210.63,,Completed,0.0
2927,18,2024-11-22,Corolla,20323.9,0.05,Pending,1016.1950000000002
2928,7,2024-11-03,Tacoma,31009.6,0.02,Completed,620.192
2929,6,2024-11-05,Tacoma,37598.92,0.03,Pending,1127.9676
2930,5,2024-11-28,RAV4,31461.55,0.05,Pending,1573.0775
2931,15,2024-11-05,Camry,26837.61,0.02,Pending,536.7522
2932,1,2024-11-13,Tundra,38649.95,0.03,Completed,1159.4985
2933,16,2024-11-25,Tacoma,34308.74,0.03,Completed,1029.2622
2934,17,2024-11-28,Tundra,46120.59,,Completed,0.0
2935,19,2024-11-18,Tundra,44508.23,0.05,Completed,2225.4115
2936,19,2024-11-04,RAV4,30322.58,,Completed,0.0
2937,18,2024-11-06,Tacoma,37226.58,0.05,Pending,1861.3290000000002
2938,15,2024-11-25,Tundra,35562.41,,Cancelled,0.0
2939,19,2024-11-18,Corolla,23944.72,,Completed,0.0
2940,15,2024-11-27,Corolla,22779.36,0.05,Completed,1138.968
2941,1,2024-11-30,RAV4,34338.63,0.02,Pending,686.7726
2942,4,2024-11-09,RAV4,31932.04,0.03,Completed,957.9612
2943,20,2024-11-14,Highlander,35629.4,0.05,Completed,1781.4700000000003
2944,9,2024-11-29,Corolla,20372.8,,Completed,0.0
2945,8,2024-11-23,Corolla,21377.23,0.02,Completed,427.5446
2946,6,2024-11-05,Camry,28451.98,,Pending,0.0
2947,6,2024-11-23,Tundra,37941.99,0.05,Completed,1897.0995
2948,20,2024-11-26,Highlander,44682.76,,Completed,0.0
2949,2,2024-11-20,Tacoma,34903.83,,Completed,0.0
2950,13,2024-11-01,Tundra,44217.06,,Completed,0.0
2951,8,2024-11-06,RAV4,34451.58,,Cancelled,0.0
2952,7,2024-11-16,Tacoma,39279.9,0.05,Completed,1963.9950000000001
2953,16,2024-11-08,Corolla,23053.29,0.05,Completed,1152.6645
2954,2,2024-11-03,Corolla,20442.71,0.05,Completed,1022.1355
2955,7,2024-11-01,Camry,25251.18,0.02,Completed,505.02360000000004
2956,8,2024-11-15,RAV4,28867.25,0.03,Completed,866.0174999999999
2957,8,2024-11-30,Highlander,38459.21,0.02,Completed,769.1842
2958,11,2024-11-25,Tacoma,36179.15,,Cancelled,0.0
2959,4,2024-11-04,Corolla,20139.53,0.03,Cancelled,604.1859
2960,16,2024-11-18,Camry,27967.32,0.05,Completed,1398.366
2961,10,2024-11-30,Tacoma,36597.37,0.03,Completed,1097.9211
2962,8,2024-11-12,RAV4,29921.2,0.03,Completed,897.636
2963,8,2024-11-22,Highlander,40038.01,,Pending,0.0
2964,10,2024-11-09,Tundra,48776.79,0.02,Completed,975.5358
2965,6,2024-11-01,Camry,29085.41,0.02,Completed,581.7082
2966,12,2024-11-01,Tundra,40647.04,0.02,Completed,812.9408000000001
2967,14,2024-11-01,Highlander,44599.77,0.05,Pending,2229.9885
2968,4,2024-11-09,Corolla,21882.4,0.03,Completed,656.472
2969,12,2024-11-01,Highlander,39815.17,0.03,Cancelled,1194.4551
2970,18,2024-11-23,Corolla,23334.52,,Completed,0.0
2971,3,2024-11-20,Camry,28950.47,,Completed,0.0
2972,1,2024-11-26,RAV4,29415.11,0.05,Pending,1470.7555000000002
2973,16,2024-11-26,RAV4,34840.09,0.05,Completed,1742.0045
2974,10,2024-11-28,Tacoma,31039.24,0.03,Completed,931.1772
2975,4,2024-11-20,Tacoma,37841.56,0.05,Pending,1892.078
2976,14,2024-11-28,Tacoma,37087.58,0.05,Completed,1854.3790000000001
2977,7,2024-11-25,Corolla,20438.25,0.02,Pending,408.765
2978,20,2024-11-08,Tundra,40827.9,,Completed,0.0
2979,9,2024-11-19,RAV4,30033.57,0.03,Completed,901.0070999999999
2980,17,2024-11-08,RAV4,33062.29,,Pending,0.0
2981,2,2024-11-16,Highlander,39487.77,0.03,Completed,1184.6330999999998
2982,18,2024-11-20,RAV4,31341.61,0.03,Pending,940.2483
2983,4,2024-11-17,Camry,27693.6,0.02,Completed,553.872
2984,2,2024-11-21,Corolla,22782.69,0.02,Completed,455.6538
2985,4,2024-11-30,Camry,29483.99,0.05,Pending,1474.1995000000002
2986,11,2024-11-11,Corolla,23270.54,0.02,Completed,465.41080000000005
2987,20,2024-11-16,Camry,29180.03,0.02,Completed,583.6006
2988,3,2024-11-11,Tacoma,32265.43,0.03,Pending,967.9629
2989,1,2024-11-20,Highlander,40493.66,0.02,Cancelled,809.8732000000001
2990,4,2024-11-22,Corolla,20974.09,0.05,Completed,1048.7045
2991,8,2024-11-28,Corolla,22909.59,0.03,Completed,687.2877
2992,10,2024-11-15,Tacoma,37624.1,0.02,Completed,752.482
2993,4,2024-11-24,Highlander,41085.6,,Pending,0.0
2994,19,2024-11-23,RAV4,30175.52,,Completed,0.0
2995,1,2024-11-10,Tacoma,35584.72,0.05,Completed,1779.236
2996,4,2024-11-18,Highlander,42405.35,0.02,Cancelled,848.107
2997,8,2024-11-09,Tundra,35462.47,,Completed,0.0
2998,1,2024-11-11,Tundra,37935.39,0.03,Pending,1138.0617
2999,1,2024-11-03,RAV4,27255.19,0.02,Pending,545.1038
3000,6,2024-11-06,Tundra,36007.38,,Completed,0.0
3001,18,2024-11-06,Camry,25027.35,,Pending,0.0
3002,11,2024-11-26,Camry,28919.7,,Completed,0.0
3003,7,2024-11-01,Camry,29805.92,,Completed,0.0
3004,16,2024-11-26,Camry,26257.96,0.02,Completed,525.1591999999999
3005,11,2024-11-09,Camry,25628.97,,Completed,0.0
3006,18,2024-11-01,Corolla,20513.92,,Pending,0.0
3007,10,2024-11-02,Camry,25064.4,0.03,Completed,751.932
3008,15,2024-11-26,RAV4,32957.7,0.02,Completed,659.154
3009,11,2024-11-10,Tacoma,36842.87,0.05,Completed,1842.1435000000001
3010,11,2024-11-20,RAV4,32417.69,0.05,Cancelled,1620.8845000000001
3011,9,2024-11-29,Camry,26956.57,0.03,Completed,808.6971
3012,15,2024-11-20,Camry,25572.16,0.02,Cancelled,511.4432
3013,15,2024-11-13,Camry,25363.54,,Pending,0.0
3014,7,2024-11-12,Tundra,40231.72,0.02,Cancelled,804.6344
3015,16,2024-11-19,Corolla,20874.64,0.05,Pending,1043.732
3016,15,2024-11-01,Highlander,41718.26,0.03,Completed,1251.5478
3017,13,2024-11-02,Corolla,21096.49,0.02,Completed,421.92980000000006
3018,2,2024-11-01,Tundra,41210.71,0.03,Completed,1236.3212999999998
3019,2,2024-11-23,Tundra,49009.5,0.03,Completed,1470.2849999999999
3020,7,2024-11-08,Highlander,43127.26,0.05,Completed,2156.3630000000003
3021,11,2024-11-04,Camry,27761.63,0.05,Completed,1388.0815000000002
3022,4,2024-11-13,Tacoma,32570.37,0.02,Pending,651.4073999999999
3023,4,2024-11-20,Tacoma,35164.81,,Completed,0.0
3024,14,2024-11-30,Camry,29339.66,0.05,Cancelled,1466.9830000000002
3025,8,2024-11-06,Corolla,23283.86,0.03,Completed,698.5158
3026,16,2024-11-17,RAV4,30917.38,0.02,Completed,618.3476
3027,9,2024-11-19,Tundra,35508.14,0.03,Completed,1065.2441999999999
3028,5,2024-11-04,Tundra,48073.8,0.05,Completed,2403.69
3029,4,2024-11-02,Highlander,37803.57,0.03,Cancelled,1134.1071
3030,11,2024-11-28,Highlander,37864.48,0.05,Completed,1893.2240000000002
3031,2,2024-11-05,Tacoma,36781.11,0.02,Pending,735.6222
3032,12,2024-11-03,Tundra,39659.07,,Completed,0.0
3033,2,2024-11-21,Camry,26486.44,,Cancelled,0.0
3034,14,2024-11-26,Highlander,43947.86,0.02,Completed,878.9572000000001
3035,12,2024-11-20,Tundra,36615.94,0.03,Completed,1098.4782
3036,19,2024-11-08,RAV4,28677.66,0.05,Pending,1433.883
3037,7,2024-11-23,Camry,28381.38,,Completed,0.0
3038,20,2024-11-28,Camry,25543.68,,Completed,0.0
3039,13,2024-11-23,Camry,28912.26,0.03,Completed,867.3677999999999
3040,18,2024-11-08,Tundra,42308.65,0.02,Completed,846.173
3041,15,2024-11-23,Tacoma,36329.88,0.05,Completed,1816.494
3042,10,2024-11-23,Tundra,49916.96,0.02,Completed,998.3392
3043,7,2024-11-20,Tundra,39890.7,,Cancelled,0.0
3044,14,2024-11-09,Highlander,37458.07,0.05,Completed,1872.9035000000001
3045,13,2024-11-13,Corolla,23397.73,0.02,Completed,467.9546
3046,17,2024-11-15,Tacoma,36426.75,0.05,Completed,1821.3375
3047,7,2024-11-13,Tacoma,30188.38,0.05,Completed,1509.419
3048,1,2024-11-19,Highlander,43188.51,0.03,Completed,1295.6553000000001
3049,4,2024-11-03,RAV4,34857.28,0.03,Completed,1045.7184
3050,9,2024-11-14,Corolla,24819.72,0.05,Cancelled,1240.986
3051,16,2024-11-19,Highlander,44201.01,0.02,Completed,884.0202
3052,3,2024-11-05,Camry,27232.46,0.03,Pending,816.9738
3053,15,2024-11-09,Corolla,22380.43,0.02,Completed,447.6086
3054,17,2024-11-06,RAV4,30647.28,,Completed,0.0
3055,5,2024-11-19,Corolla,20813.06,0.02,Completed,416.26120000000003
3056,8,2024-11-17,RAV4,27139.48,0.03,Completed,814.1844
3057,4,2024-11-09,Tundra,47823.21,,Completed,0.0
3058,19,2024-11-08,Highlander,43371.32,0.03,Pending,1301.1396
3059,12,2024-11-01,Highlander,42865.91,0.05,Completed,2143.2955
3060,15,2024-11-24,Camry,26306.72,,Completed,0.0
3061,3,2024-11-26,Corolla,22718.1,0.05,Pending,1135.905
3062,7,2024-11-14,Tundra,44034.31,0.03,Completed,1321.0293
3063,10,2024-11-23,Camry,26606.99,0.02,Pending,532.1398
3064,2,2024-11-11,Corolla,21632.86,,Completed,0.0
3065,13,2024-11-10,Corolla,20294.52,0.03,Completed,608.8356
3066,3,2024-11-09,Highlander,40417.03,0.02,Completed,808.3406
3067,3,2024-11-02,Highlander,35898.34,0.03,Completed,1076.9501999999998
3068,15,2024-11-23,Tundra,36545.96,0.02,Completed,730.9192
3069,15,2024-11-08,Tundra,35447.65,0.05,Pending,1772.3825000000002
3070,11,2024-11-11,Camry,25538.47,0.03,Completed,766.1541
3071,10,2024-11-23,Highlander,43149.16,0.05,Completed,2157.458
3072,12,2024-11-26,Tundra,43783.63,0.02,Completed,875.6726
3073,17,2024-11-11,Tundra,35392.87,0.05,Completed,1769.6435000000001
3074,1,2024-11-11,Highlander,37480.88,0.03,Completed,1124.4263999999998
3075,18,2024-11-16,Tacoma,35282.76,0.03,Completed,1058.4828
3076,1,2024-11-25,Tacoma,33338.89,0.05,Pending,1666.9445
3077,14,2024-11-30,RAV4,33632.71,0.03,Completed,1008.9812999999999
3078,20,2024-11-20,Camry,27486.89,,Pending,0.0
3079,16,2024-11-12,Tacoma,38804.82,0.03,Completed,1164.1445999999999
3080,13,2024-11-19,RAV4,34754.16,0.02,Completed,695.0832
3081,5,2024-11-14,Highlander,42664.46,0.02,Completed,853.2892
3082,5,2024-11-22,Corolla,23511.67,0.02,Completed,470.23339999999996
3083,2,2024-11-14,Highlander,44921.73,0.05,Pending,2246.0865000000003
3084,10,2024-11-28,Highlander,36569.45,0.03,Pending,1097.0835
3085,5,2024-11-26,RAV4,34038.94,0.05,Cancelled,1701.9470000000001
3086,11,2024-11-04,Tundra,42291.84,,Completed,0.0
3087,2,2024-11-30,Tundra,35311.72,,Completed,0.0
3088,13,2024-11-16,RAV4,31861.55,0.03,Completed,955.8465
3089,8,2024-11-09,Tundra,42429.63,0.02,Completed,848.5926
3090,15,2024-11-18,Tundra,43941.4,0.05,Completed,2197.07
3091,5,2024-11-13,Camry,26926.94,0.05,Completed,1346.347
3092,8,2024-11-05,Camry,28131.28,0.02,Pending,562.6256
3093,17,2024-11-29,Highlander,41023.43,0.05,Pending,2051.1715
3094,6,2024-11-18,Corolla,22725.34,,Completed,0.0
3095,15,2024-11-07,Highlander,42711.14,0.05,Completed,2135.5570000000002
3096,18,2024-11-21,Tundra,44483.0,,Completed,0.0
3097,4,2024-11-10,Corolla,20792.42,,Cancelled,0.0
3098,14,2024-11-15,Tundra,47749.87,0.03,Completed,1432.4961
3099,15,2024-11-07,Highlander,36267.89,,Completed,0.0
3100,15,2024-11-20,Highlander,38219.92,,Completed,0.0
3101,11,2024-11-02,Corolla,21461.29,,Completed,0.0
3102,16,2024-11-29,Tacoma,39322.21,0.03,Pending,1179.6662999999999
3103,4,2024-11-19,Tundra,42064.68,0.02,Pending,841.2936
3104,9,2024-11-16,RAV4,30201.82,,Completed,0.0
3105,7,2024-11-30,Tacoma,34206.3,,Completed,0.0
3106,14,2024-11-06,Corolla,20235.62,0.02,Pending,404.7124
3107,12,2024-11-22,Tundra,38070.98,0.03,Completed,1142.1294
3108,15,2024-11-26,RAV4,34506.62,0.03,Completed,1035.1986
3109,5,2024-11-04,Tundra,44455.26,0.05,Completed,2222.7630000000004
3110,18,2024-11-30,Camry,25666.92,0.05,Completed,1283.346
3111,14,2024-11-19,Tundra,48998.65,0.03,Completed,1469.9595
3112,9,2024-11-07,Camry,27418.91,0.03,Pending,822.5672999999999
3113,1,2024-11-10,Tacoma,35145.38,0.03,Pending,1054.3613999999998
3114,14,2024-11-21,RAV4,31258.59,,Completed,0.0
3115,1,2024-11-13,Tundra,46126.98,0.03,Completed,1383.8094
3116,12,2024-11-11,Camry,26153.03,0.05,Completed,1307.6515
3117,19,2024-11-21,Corolla,24045.89,0.05,Completed,1202.2945
3118,4,2024-11-24,Highlander,35215.13,0.05,Pending,1760.7565
3119,10,2024-11-25,Tacoma,35041.9,,Cancelled,0.0
3120,15,2024-11-14,Tundra,47752.94,0.02,Completed,955.0588
3121,11,2024-11-21,Tundra,39959.48,0.05,Completed,1997.9740000000002
3122,13,2024-11-06,Highlander,40022.25,0.05,Completed,2001.1125000000002
3123,19,2024-11-07,Camry,28637.98,,Pending,0.0
3124,5,2024-11-27,Tundra,46031.24,0.05,Pending,2301.562
3125,7,2024-11-11,Corolla,22239.62,0.05,Completed,1111.981
3126,11,2024-11-15,Corolla,20661.85,0.03,Pending,619.8554999999999
3127,16,2024-11-13,Corolla,24737.93,0.02,Completed,494.7586
3128,7,2024-11-24,Tacoma,31643.87,0.05,Pending,1582.1935
3129,4,2024-11-24,Camry,27091.41,0.05,Completed,1354.5705
3130,4,2024-11-22,Camry,25078.21,0.03,Pending,752.3462999999999
3131,3,2024-11-14,Camry,28875.81,,Pending,0.0
3132,2,2024-11-04,Tundra,41672.44,,Completed,0.0
3133,12,2024-11-11,Tacoma,30856.72,0.03,Completed,925.7016
3134,5,2024-11-08,Tacoma,31267.16,0.05,Completed,1563.3580000000002
3135,1,2024-11-14,Tundra,36282.21,0.05,Completed,1814.1105
3136,4,2024-11-11,RAV4,33345.38,,Pending,0.0
3137,1,2024-11-03,Camry,25790.24,,Completed,0.0
3138,3,2024-11-27,Tacoma,32555.88,,Pending,0.0
3139,12,2024-11-18,Tundra,43291.3,,Completed,0.0
3140,14,2024-11-19,Camry,28738.35,0.02,Cancelled,574.7669999999999
3141,19,2024-11-25,RAV4,33538.47,,Completed,0.0
3142,13,2024-11-06,Highlander,43485.47,0.03,Completed,1304.5641
3143,7,2024-11-25,Tacoma,36451.02,,Pending,0.0
3144,20,2024-11-26,Tundra,35599.78,0.02,Completed,711.9956
3145,6,2024-11-05,RAV4,27925.8,0.05,Completed,1396.29
3146,15,2024-11-07,Tacoma,39097.62,0.02,Completed,781.9524000000001
3147,13,2024-11-12,RAV4,27208.23,,Completed,0.0
3148,11,2024-11-29,Tundra,42815.41,,Completed,0.0
3149,8,2024-11-20,Highlander,39160.52,0.03,Cancelled,1174.8156
3150,6,2024-11-14,Tacoma,38571.17,0.03,Completed,1157.1351
3151,12,2024-11-02,Corolla,20580.3,0.02,Completed,411.606
3152,10,2024-11-10,Corolla,23469.14,0.03,Completed,704.0741999999999
3153,11,2024-11-12,Corolla,24996.35,,Pending,0.0
3154,5,2024-11-07,RAV4,32722.84,0.03,Completed,981.6852
3155,14,2024-11-20,RAV4,33219.16,0.05,Completed,1660.9580000000003
3156,8,2024-11-06,Tacoma,36554.68,0.02,Completed,731.0936
3157,8,2024-11-12,Tacoma,38639.42,0.05,Completed,1931.971
3158,20,2024-11-08,Tundra,37259.74,0.03,Completed,1117.7921999999999
3159,8,2024-11-09,Tundra,40022.97,0.05,Completed,2001.1485000000002
3160,3,2024-11-27,Corolla,23016.08,0.02,Pending,460.32160000000005
3161,7,2024-11-26,Tacoma,34242.67,0.02,Cancelled,684.8534
3162,20,2024-11-25,Camry,26603.36,0.05,Pending,1330.1680000000001
3163,2,2024-11-07,Corolla,20436.08,,Cancelled,0.0
3164,3,2024-11-24,Camry,28921.22,,Completed,0.0
3165,3,2024-11-23,RAV4,29207.9,0.03,Completed,876.237
3166,6,2024-11-05,Tundra,43480.88,0.03,Completed,1304.4263999999998
3167,19,2024-11-02,RAV4,29264.51,,Completed,0.0
3168,12,2024-11-06,Corolla,20594.6,0.02,Cancelled,411.892
3169,20,2024-11-25,Camry,26161.27,0.02,Completed,523.2254
3170,5,2024-11-24,Corolla,24713.17,0.05,Completed,1235.6585
3171,5,2024-11-07,Tundra,47879.53,0.05,Completed,2393.9765
3172,2,2024-11-14,RAV4,34585.48,0.02,Completed,691.7096
3173,7,2024-11-09,Tundra,38751.08,0.03,Completed,1162.5324
3174,15,2024-11-17,Tundra,42371.7,0.05,Completed,2118.585
3175,12,2024-11-22,Corolla,24083.78,0.05,Completed,1204.189
3176,6,2024-11-22,Tacoma,30501.63,0.05,Completed,1525.0815000000002
3177,11,2024-11-18,Camry,28851.8,0.02,Completed,577.036
3178,8,2024-11-25,Camry,28257.01,0.05,Completed,1412.8505
3179,14,2024-11-03,RAV4,27451.1,,Completed,0.0
3180,2,2024-11-23,Tundra,43229.2,,Completed,0.0
3181,9,2024-11-27,Camry,27794.03,0.02,Cancelled,555.8806
3182,6,2024-11-16,Highlander,35459.23,0.03,Completed,1063.7769
3183,7,2024-11-21,Highlander,37303.8,,Completed,0.0
3184,3,2024-11-03,Corolla,22851.2,0.05,Completed,1142.5600000000002
3185,19,2024-11-27,Tundra,35618.19,0.03,Completed,1068.5457000000001
3186,6,2024-11-22,RAV4,30980.24,,Completed,0.0
3187,1,2024-11-01,RAV4,29480.39,,Pending,0.0
3188,10,2024-11-18,Highlander,41559.43,,Completed,0.0
3189,20,2024-11-17,Highlander,40396.49,0.05,Pending,2019.8245
3190,9,2024-11-26,Corolla,20970.13,0.03,Completed,629.1039
3191,18,2024-11-11,Camry,27910.54,,Pending,0.0
3192,12,2024-11-20,Tundra,49242.43,0.02,Completed,984.8486
3193,9,2024-11-27,Tundra,41963.59,0.02,Completed,839.2718
3194,2,2024-11-24,Corolla,22785.03,0.05,Completed,1139.2515
3195,18,2024-11-22,Tacoma,39075.89,0.05,Completed,1953.7945
3196,14,2024-11-16,Highlander,35274.07,0.03,Completed,1058.2221
3197,12,2024-11-09,Tundra,37621.81,0.03,Completed,1128.6543
3198,19,2024-11-14,Corolla,23187.11,0.02,Completed,463.7422
3199,12,2024-11-08,Highlander,43282.77,,Pending,0.0
3200,10,2024-11-03,Tacoma,32950.22,0.03,Completed,988.5066
3201,3,2024-11-17,RAV4,32385.02,0.05,Completed,1619.2510000000002
3202,18,2024-11-02,Camry,27655.97,0.05,Completed,1382.7985
3203,1,2024-11-19,Tacoma,32231.69,,Cancelled,0.0
3204,5,2024-11-30,Corolla,21400.97,0.02,Completed,428.0194
3205,4,2024-11-30,Tundra,39733.8,0.03,Completed,1192.0140000000001
3206,8,2024-11-04,Corolla,20214.0,,Completed,0.0
3207,6,2024-11-03,RAV4,32636.72,,Completed,0.0
3208,19,2024-11-28,Highlander,44529.14,0.05,Completed,2226.457
3209,17,2024-11-01,RAV4,29190.96,,Pending,0.0
3210,8,2024-11-22,Tacoma,35893.48,0.02,Completed,717.8696000000001
3211,20,2024-11-14,Highlander,42705.41,0.03,Completed,1281.1623
3212,1,2024-11-19,Camry,28523.07,0.02,Pending,570.4614
3213,17,2024-11-30,Tundra,45703.62,0.05,Completed,2285.181
3214,8,2024-11-12,RAV4,31568.86,0.05,Completed,1578.4430000000002
3215,12,2024-11-22,Camry,28607.95,0.03,Completed,858.2385
3216,6,2024-11-24,Camry,28336.23,,Completed,0.0
3217,19,2024-11-19,Tundra,36124.61,0.02,Completed,722.4922
3218,2,2024-11-15,RAV4,28921.33,,Cancelled,0.0
3219,13,2024-11-08,Camry,28551.8,0.03,Cancelled,856.554
3220,16,2024-11-30,Camry,25225.16,0.05,Completed,1261.258
3221,17,2024-11-19,Corolla,24657.29,0.05,Completed,1232.8645000000001
3222,12,2024-11-16,Tundra,36719.52,0.02,Pending,734.3904
3223,8,2024-11-18,Tacoma,35154.79,,Completed,0.0
3224,16,2024-11-04,Tacoma,39154.19,,Pending,0.0
3225,16,2024-11-16,Highlander,40930.94,0.05,Completed,2046.5470000000003
3226,10,2024-11-23,Tundra,42230.59,0.03,Completed,1266.9176999999997
3227,16,2024-11-02,Highlander,35090.36,,Pending,0.0
3228,19,2024-11-04,Corolla,22365.33,0.05,Cancelled,1118.2665000000002
3229,14,2024-11-01,Tundra,42953.69,0.05,Completed,2147.6845000000003
3230,19,2024-11-04,Tacoma,30108.26,0.03,Completed,903.2477999999999
3231,8,2024-11-05,Highlander,35603.93,0.03,Pending,1068.1179
3232,3,2024-11-10,RAV4,34486.17,0.02,Completed,689.7234
3233,19,2024-11-05,Highlander,43108.26,0.05,Pending,2155.413
3234,17,2024-11-30,RAV4,27260.43,0.03,Completed,817.8129
3235,8,2024-11-02,Camry,27725.8,0.02,Completed,554.516
3236,8,2024-11-21,Camry,28665.24,0.03,Completed,859.9572000000001
3237,13,2024-11-13,Tundra,35437.23,0.05,Pending,1771.8615000000002
3238,19,2024-11-26,RAV4,33885.33,0.05,Completed,1694.2665000000002
3239,18,2024-11-08,Highlander,38568.19,0.05,Cancelled,1928.4095000000002
3240,14,2024-11-22,Camry,28406.85,0.05,Cancelled,1420.3425
3241,5,2024-11-12,Highlander,38966.57,,Completed,0.0
3242,18,2024-11-21,Corolla,24933.66,0.03,Completed,748.0097999999999
3243,7,2024-11-21,Highlander,40527.89,0.05,Completed,2026.3945
3244,11,2024-11-02,RAV4,29141.87,0.03,Completed,874.2561
3245,9,2024-11-12,Tacoma,38140.31,0.02,Completed,762.8062
3246,2,2024-11-28,Tundra,49193.79,0.03,Completed,1475.8137
3247,1,2024-11-22,Camry,28081.68,0.05,Pending,1404.084
3248,8,2024-11-05,Corolla,21081.53,0.02,Completed,421.63059999999996
3249,1,2024-11-30,RAV4,29887.44,0.02,Completed,597.7488
3250,20,2024-11-12,Camry,28847.47,0.02,Cancelled,576.9494000000001
3251,6,2024-11-15,Tacoma,34586.15,,Completed,0.0
3252,19,2024-11-13,Tacoma,38439.95,0.02,Completed,768.799
3253,11,2024-11-05,Camry,27091.07,,Completed,0.0
3254,3,2024-11-30,Tundra,48507.54,0.05,Completed,2425.377
3255,19,2024-11-02,Camry,26640.06,0.05,Completed,1332.0030000000002
3256,3,2024-11-02,Tacoma,37664.74,0.02,Completed,753.2948
3257,3,2024-11-26,Corolla,23682.14,0.05,Pending,1184.107
3258,2,2024-11-06,Highlander,37348.24,0.05,Completed,1867.412
3259,16,2024-11-15,RAV4,32731.81,,Completed,0.0
3260,19,2024-11-07,Camry,29488.57,0.02,Completed,589.7714
3261,3,2024-11-24,Corolla,21505.86,0.02,Completed,430.1172
3262,20,2024-11-14,Corolla,24584.21,0.05,Completed,1229.2105000000001
3263,5,2024-11-13,Camry,29063.14,0.03,Pending,871.8942
3264,12,2024-11-26,RAV4,27291.63,0.05,Cancelled,1364.5815000000002
3265,19,2024-11-19,Corolla,23641.43,0.03,Pending,709.2429
3266,18,2024-11-02,RAV4,34727.85,0.02,Completed,694.557
3267,19,2024-11-30,Highlander,43023.91,,Completed,0.0
3268,18,2024-11-14,Highlander,38263.79,0.02,Completed,765.2758
3269,20,2024-11-10,Tundra,37357.92,0.05,Completed,1867.896
3270,6,2024-11-13,Highlander,41972.78,0.03,Completed,1259.1834
3271,6,2024-11-07,Tundra,46150.05,,Completed,0.0
3272,18,2024-11-06,RAV4,32489.97,0.03,Completed,974.6991
3273,14,2024-11-24,Tundra,41938.6,,Completed,0.0
3274,10,2024-11-01,Tacoma,30396.3,0.03,Completed,911.8889999999999
3275,5,2024-11-17,RAV4,31111.54,0.03,Pending,933.3462
3276,7,2024-11-11,Corolla,23302.43,0.05,Cancelled,1165.1215
3277,7,2024-11-05,Tundra,48033.16,0.02,Pending,960.6632000000001
3278,15,2024-11-09,Camry,27813.01,0.02,Completed,556.2601999999999
3279,19,2024-11-11,Tundra,48864.17,0.05,Completed,2443.2085
3280,3,2024-11-18,Corolla,23094.91,0.05,Pending,1154.7455
3281,12,2024-11-21,Tacoma,32216.0,,Completed,0.0
3282,9,2024-11-01,Tundra,43134.49,0.03,Pending,1294.0347
3283,10,2024-11-07,Tundra,41740.26,0.03,Completed,1252.2078
3284,14,2024-11-18,RAV4,30718.31,0.03,Completed,921.5493
3285,9,2024-11-16,Tundra,37516.48,0.02,Completed,750.3296
3286,7,2024-11-12,Corolla,23384.84,0.03,Completed,701.5452
3287,12,2024-11-10,RAV4,28633.67,0.05,Pending,1431.6835
3288,19,2024-11-26,Tundra,49868.47,0.03,Completed,1496.0541
3289,5,2024-11-02,Corolla,21985.45,,Completed,0.0
3290,15,2024-11-04,Highlander,43546.45,,Completed,0.0
3291,18,2024-11-20,Tundra,46674.9,0.03,Completed,1400.247
3292,15,2024-11-21,Camry,29747.45,0.02,Pending,594.9490000000001
3293,8,2024-11-09,Tundra,37985.89,0.03,Pending,1139.5766999999998
3294,13,2024-11-17,Corolla,24738.85,0.03,Cancelled,742.1655
3295,20,2024-11-14,Camry,27352.5,0.03,Completed,820.5749999999999
3296,8,2024-11-27,Highlander,44565.75,0.05,Completed,2228.2875
3297,16,2024-11-02,Tacoma,38651.08,0.03,Pending,1159.5324
3298,15,2024-11-29,Highlander,37605.9,0.02,Completed,752.118
3299,12,2024-11-21,Highlander,41601.17,0.03,Completed,1248.0350999999998
3300,1,2024-11-01,Tundra,45414.66,0.05,Completed,2270.733
3301,4,2024-11-03,RAV4,32426.27,,Completed,0.0
3302,10,2024-11-01,Corolla,23095.82,,Completed,0.0
3303,7,2024-11-02,Tundra,37323.52,0.05,Cancelled,1866.176
3304,7,2024-11-19,Camry,26561.89,0.02,Completed,531.2378
3305,15,2024-11-10,Corolla,21501.91,0.05,Completed,1075.0955000000001
3306,15,2024-11-04,Corolla,20734.29,0.03,Completed,622.0287
3307,3,2024-11-22,Tacoma,35199.84,0.03,Completed,1055.9951999999998
3308,11,2024-11-10,Highlander,35567.39,0.03,Cancelled,1067.0217
3309,4,2024-11-28,RAV4,33198.04,,Completed,0.0
3310,19,2024-11-26,RAV4,27705.51,0.03,Completed,831.1652999999999
3311,16,2024-11-12,Tacoma,33202.1,0.05,Completed,1660.105
3312,3,2024-11-17,RAV4,31308.77,0.03,Pending,939.2631
3313,10,2024-11-25,Corolla,22638.79,,Pending,0.0
3314,6,2024-11-15,Tacoma,37159.46,,Pending,0.0
3315,3,2024-11-24,Highlander,42199.12,0.02,Cancelled,843.9824000000001
3316,6,2024-11-22,Camry,25387.09,0.03,Completed,761.6127
3317,4,2024-11-19,Tacoma,36470.52,0.05,Completed,1823.5259999999998
3318,10,2024-11-27,Tundra,46826.43,0.05,Completed,2341.3215
3319,2,2024-11-26,RAV4,32689.96,0.05,Completed,1634.498
3320,5,2024-11-24,Corolla,23446.97,0.05,Completed,1172.3485
3321,5,2024-11-09,Tacoma,35170.09,0.02,Completed,703.4018
3322,3,2024-11-19,RAV4,32155.48,,Completed,0.0
3323,4,2024-11-28,Corolla,24822.64,,Completed,0.0
3324,11,2024-11-06,Camry,28571.47,0.05,Completed,1428.5735000000002
3325,19,2024-11-24,Camry,26919.94,0.05,Completed,1345.997
3326,15,2024-11-25,Tacoma,31901.88,0.05,Pending,1595.094
3327,7,2024-11-05,Tacoma,31719.23,0.03,Completed,951.5768999999999
3328,8,2024-11-11,Highlander,39678.02,0.02,Completed,793.5604
3329,9,2024-11-08,Camry,25794.65,0.02,Pending,515.893
3330,9,2024-11-17,Corolla,22165.74,0.03,Completed,664.9722
3331,7,2024-11-18,Corolla,20814.26,0.02,Pending,416.2852
3332,20,2024-11-24,Tundra,46592.69,0.05,Completed,2329.6345
3333,15,2024-11-09,RAV4,27991.72,,Pending,0.0
3334,6,2024-11-21,Tundra,37662.46,0.03,Completed,1129.8737999999998
3335,7,2024-11-18,Camry,25609.77,0.03,Pending,768.2931
3336,6,2024-11-25,RAV4,28463.26,0.05,Pending,1423.163
3337,17,2024-11-15,Camry,25704.91,0.02,Pending,514.0982
3338,18,2024-11-02,Tacoma,36677.67,0.02,Completed,733.5534
3339,11,2024-11-26,Tundra,39751.81,0.03,Completed,1192.5542999999998
3340,15,2024-11-20,Tundra,42350.55,0.02,Completed,847.0110000000001
3341,2,2024-11-30,Tundra,39404.29,,Completed,0.0
3342,12,2024-11-27,Camry,26668.43,0.03,Completed,800.0529
3343,18,2024-11-14,RAV4,29546.54,0.03,Completed,886.3962
3344,2,2024-11-23,Corolla,20256.45,0.02,Completed,405.129
3345,8,2024-11-11,Highlander,39798.2,0.05,Completed,1989.9099999999999
3346,16,2024-11-03,Tacoma,33010.18,0.03,Cancelled,990.3054
3347,14,2024-11-01,Tacoma,38957.07,,Completed,0.0
3348,11,2024-11-02,RAV4,29557.35,0.02,Completed,591.1469999999999
3349,7,2024-11-26,Highlander,42507.59,0.02,Completed,850.1518
3350,7,2024-11-07,Corolla,20705.17,,Completed,0.0
3351,17,2024-11-22,Tundra,42866.71,0.03,Cancelled,1286.0013
3352,1,2024-11-17,Corolla,22765.58,,Completed,0.0
3353,13,2024-11-15,Camry,27959.78,0.02,Completed,559.1956
3354,9,2024-11-08,Camry,28067.79,0.05,Pending,1403.3895000000002
3355,15,2024-11-16,RAV4,34103.87,0.02,Completed,682.0774
3356,10,2024-11-23,Corolla,24512.11,,Cancelled,0.0
3357,3,2024-11-12,Highlander,36282.93,0.02,Completed,725.6586
3358,7,2024-11-05,Tundra,39958.97,,Pending,0.0
3359,8,2024-11-04,RAV4,27154.84,,Completed,0.0
3360,1,2024-11-08,RAV4,30117.58,0.05,Completed,1505.8790000000001
3361,4,2024-11-24,RAV4,28495.06,,Pending,0.0
3362,3,2024-11-24,Corolla,20998.17,0.05,Completed,1049.9085
3363,17,2024-11-01,Corolla,20788.41,,Completed,0.0
3364,10,2024-11-17,Tundra,40395.64,,Completed,0.0
3365,18,2024-11-21,Tundra,48763.42,0.05,Completed,2438.171
3366,13,2024-11-12,Highlander,39668.19,0.05,Cancelled,1983.4095000000002
3367,20,2024-11-01,Highlander,38805.97,0.03,Pending,1164.1791
3368,13,2024-11-25,Corolla,24408.87,0.03,Completed,732.2660999999999
3369,5,2024-11-19,Camry,26733.46,0.03,Pending,802.0038
3370,1,2024-11-01,RAV4,31836.88,0.03,Cancelled,955.1064
3371,5,2024-11-16,Tundra,47151.58,0.03,Pending,1414.5474
3372,16,2024-11-01,Camry,26597.64,,Completed,0.0
3373,20,2024-11-18,Tundra,41697.39,,Completed,0.0
3374,15,2024-11-12,Highlander,42409.43,0.03,Completed,1272.2829
3375,9,2024-11-20,Corolla,23240.94,,Completed,0.0
3376,4,2024-11-10,RAV4,33371.93,0.02,Completed,667.4386000000001
3377,8,2024-11-29,RAV4,27913.27,0.03,Completed,837.3981
3378,14,2024-11-08,Corolla,22870.76,0.03,Pending,686.1227999999999
3379,11,2024-11-09,RAV4,32086.68,0.05,Completed,1604.334
3380,10,2024-11-18,RAV4,28814.72,0.02,Completed,576.2944
3381,8,2024-11-27,Tundra,36034.2,0.02,Pending,720.684
3382,20,2024-11-21,Camry,26484.46,0.02,Pending,529.6892
3383,6,2024-11-07,Corolla,20278.32,0.03,Pending,608.3496
3384,9,2024-11-07,Tundra,42642.1,0.05,Completed,2132.105
3385,8,2024-11-04,Tacoma,34993.54,0.03,Completed,1049.8062
3386,6,2024-11-19,Camry,27435.22,0.02,Completed,548.7044000000001
3387,1,2024-11-24,Tacoma,37077.44,,Completed,0.0
3388,12,2024-11-06,RAV4,34194.72,,Completed,0.0
3389,11,2024-11-17,Camry,26170.11,,Pending,0.0
3390,16,2024-11-10,Tacoma,33050.66,0.02,Completed,661.0132000000001
3391,20,2024-11-01,Camry,28525.13,,Completed,0.0
3392,13,2024-11-08,Camry,27848.25,,Completed,0.0
3393,20,2024-11-11,RAV4,29955.86,0.02,Completed,599.1172
3394,2,2024-11-08,RAV4,28777.86,0.02,Completed,575.5572000000001
3395,6,2024-11-12,Corolla,23725.81,,Completed,0.0
3396,13,2024-11-03,Camry,29891.45,,Completed,0.0
3397,2,2024-11-22,RAV4,30172.82,0.02,Cancelled,603.4564
3398,12,2024-11-10,Tacoma,32944.74,0.02,Completed,658.8947999999999
3399,3,2024-11-22,Corolla,20937.44,0.05,Pending,1046.872
3400,19,2024-11-25,Tacoma,31013.73,,Completed,0.0
3401,13,2024-11-30,RAV4,30759.83,0.05,Pending,1537.9915
3402,6,2024-11-14,Tacoma,39706.96,,Pending,0.0
3403,2,2024-11-26,Corolla,21003.76,0.03,Completed,630.1127999999999
3404,19,2024-11-26,Camry,27602.21,0.03,Cancelled,828.0663
3405,9,2024-11-12,RAV4,33732.77,0.03,Completed,1011.9830999999999
3406,19,2024-11-29,Corolla,21106.55,0.05,Cancelled,1055.3275
3407,19,2024-11-18,Tacoma,39195.72,,Completed,0.0
3408,2,2024-11-26,Corolla,23081.84,,Completed,0.0
3409,18,2024-11-01,Corolla,21514.82,0.03,Pending,645.4445999999999
3410,2,2024-11-11,Corolla,23465.11,0.03,Completed,703.9533
3411,2,2024-11-27,Corolla,24601.84,0.05,Completed,1230.092
3412,4,2024-11-13,Corolla,20873.39,0.05,Completed,1043.6695
3413,6,2024-11-03,Tundra,42436.85,,Completed,0.0
3414,12,2024-11-29,Highlander,37129.23,,Completed,0.0
3415,17,2024-11-14,RAV4,32657.87,0.05,Pending,1632.8935000000001
3416,1,2024-11-11,Tundra,37674.62,0.05,Completed,1883.7310000000002
3417,8,2024-11-29,RAV4,29899.74,0.02,Completed,597.9948
3418,17,2024-11-07,RAV4,34493.81,,Completed,0.0
3419,9,2024-11-09,Tundra,38058.19,,Cancelled,0.0
3420,3,2024-11-30,Highlander,42515.46,0.05,Completed,2125.773
3421,14,2024-11-21,RAV4,34602.53,0.03,Completed,1038.0758999999998
3422,1,2024-11-05,Highlander,37432.65,0.05,Completed,1871.6325000000002
3423,11,2024-11-03,Tacoma,33134.64,0.03,Completed,994.0391999999999
3424,11,2024-11-14,Tacoma,33856.67,,Pending,0.0
3425,13,2024-11-24,Tacoma,39215.11,0.05,Pending,1960.7555000000002
3426,9,2024-11-17,Corolla,24879.19,0.03,Completed,746.3756999999999
3427,12,2024-11-04,RAV4,33527.12,0.03,Completed,1005.8136000000001
3428,9,2024-11-14,RAV4,32367.43,,Cancelled,0.0
3429,14,2024-11-14,RAV4,33814.45,0.02,Completed,676.289
3430,1,2024-11-05,Highlander,37203.16,0.03,Completed,1116.0948
3431,5,2024-11-07,Camry,27080.26,0.05,Pending,1354.013
3432,8,2024-11-13,Tacoma,32614.83,0.03,Completed,978.4449
3433,1,2024-11-26,Tacoma,34639.0,0.03,Completed,1039.17
3434,20,2024-11-13,RAV4,34217.28,0.03,Completed,1026.5184
3435,13,2024-11-15,Camry,26243.29,,Pending,0.0
3436,1,2024-11-14,RAV4,33277.6,,Pending,0.0
3437,18,2024-11-26,RAV4,28189.56,0.03,Completed,845.6868000000001
3438,1,2024-11-22,Highlander,43919.86,0.05,Pending,2195.993
3439,1,2024-11-26,Corolla,22675.09,0.03,Completed,680.2527
3440,14,2024-11-27,Corolla,23895.17,0.05,Completed,1194.7585
3441,4,2024-11-18,Camry,29026.8,0.05,Completed,1451.3400000000001
3442,17,2024-11-24,Tundra,46289.15,0.03,Completed,1388.6745
3443,3,2024-11-19,Tacoma,39034.42,0.05,Pending,1951.721
3444,4,2024-11-03,Tundra,40114.44,0.03,Completed,1203.4332
3445,11,2024-11-01,Camry,29229.1,0.05,Completed,1461.455
3446,5,2024-11-25,Tacoma,34331.87,,Completed,0.0
3447,6,2024-11-09,Corolla,20226.14,0.03,Completed,606.7841999999999
3448,7,2024-11-26,Tacoma,31419.7,,Completed,0.0
3449,8,2024-11-22,Tundra,43013.13,0.03,Completed,1290.3938999999998
3450,19,2024-11-15,Camry,27619.51,0.05,Completed,1380.9755
3451,10,2024-11-03,RAV4,28900.3,0.05,Completed,1445.015
3452,18,2024-11-26,RAV4,34707.06,0.03,Completed,1041.2117999999998
3453,6,2024-11-29,Highlander,38886.3,,Pending,0.0
3454,12,2024-11-25,Highlander,35444.11,0.03,Completed,1063.3233
3455,7,2024-11-13,Tacoma,32126.29,0.03,Completed,963.7887
3456,11,2024-11-20,Corolla,21070.3,0.02,Pending,421.406
3457,17,2024-11-02,Tacoma,34963.55,,Completed,0.0
3458,7,2024-11-04,Tundra,41122.23,0.03,Completed,1233.6669
3459,15,2024-11-20,Camry,27612.95,0.03,Pending,828.3885
3460,11,2024-11-14,Highlander,36494.42,,Completed,0.0
3461,12,2024-11-03,Highlander,37876.19,0.05,Completed,1893.8095000000003
3462,10,2024-11-14,Tacoma,32126.77,0.03,Completed,963.8031
3463,10,2024-11-18,Tacoma,32062.33,,Cancelled,0.0
3464,19,2024-11-03,Tacoma,31439.06,0.05,Completed,1571.9530000000002
3465,20,2024-11-14,Camry,27402.15,0.03,Completed,822.0645000000001
3466,5,2024-11-21,Tundra,38213.27,0.02,Completed,764.2654
3467,18,2024-11-21,Highlander,35137.63,0.03,Completed,1054.1289
3468,10,2024-11-27,RAV4,29151.54,0.05,Completed,1457.5770000000002
3469,9,2024-11-14,Tacoma,30137.9,0.05,Completed,1506.8950000000002
3470,7,2024-11-09,Highlander,38782.52,0.05,Completed,1939.126
3471,2,2024-11-13,Camry,25691.5,,Pending,0.0
3472,20,2024-11-22,Tacoma,32727.25,0.05,Completed,1636.3625000000002
3473,12,2024-11-29,Tundra,38308.03,0.05,Cancelled,1915.4015
3474,2,2024-11-28,Tacoma,35650.12,0.03,Completed,1069.5036
3475,19,2024-11-14,Highlander,44384.67,,Pending,0.0
3476,3,2024-11-10,Corolla,23156.58,,Completed,0.0
3477,19,2024-11-07,Tacoma,33189.24,0.05,Completed,1659.462
3478,11,2024-11-07,Tundra,45766.9,0.02,Completed,915.3380000000001
3479,10,2024-11-29,RAV4,28519.5,0.05,Completed,1425.9750000000001
3480,18,2024-11-25,Camry,25493.96,0.03,Completed,764.8187999999999
3481,7,2024-11-01,Corolla,21710.86,0.02,Pending,434.21720000000005
3482,18,2024-11-18,Tundra,47463.05,0.03,Completed,1423.8915
3483,9,2024-11-24,Camry,26486.79,,Completed,0.0
3484,3,2024-11-10,Corolla,23296.25,,Completed,0.0
3485,10,2024-11-28,RAV4,27903.86,0.02,Completed,558.0772000000001
3486,11,2024-11-14,Camry,25289.41,0.03,Completed,758.6822999999999
3487,15,2024-11-15,Camry,25320.51,0.02,Pending,506.4102
3488,18,2024-11-16,RAV4,33297.73,0.05,Completed,1664.8865000000003
3489,3,2024-11-03,RAV4,28660.27,0.05,Completed,1433.0135
3490,12,2024-11-21,Tacoma,32412.06,0.05,Pending,1620.603
3491,10,2024-11-08,Corolla,22348.8,0.02,Completed,446.976
3492,12,2024-11-20,Camry,27330.76,0.02,Completed,546.6152
3493,19,2024-11-11,Tacoma,36128.43,0.03,Completed,1083.8528999999999
3494,14,2024-11-03,Tacoma,31548.78,0.02,Completed,630.9756
3495,1,2024-11-11,Tacoma,30285.64,0.02,Completed,605.7128
3496,1,2024-11-23,Tacoma,39669.81,0.02,Cancelled,793.3962
3497,16,2024-11-24,Corolla,23387.9,0.02,Completed,467.75800000000004
3498,13,2024-11-08,Tacoma,31604.73,0.03,Completed,948.1419
3499,2,2024-11-05,Tacoma,34542.66,0.03,Completed,1036.2798
3500,2,2024-11-13,Tundra,36029.3,0.02,Completed,720.5860000000001
3501,2,2024-11-11,Corolla,23826.6,0.02,Completed,476.532
3502,20,2024-11-01,Camry,26655.22,0.02,Completed,533.1044
3503,2,2024-11-16,Camry,29664.14,0.03,Completed,889.9241999999999
3504,12,2024-11-17,Tundra,47278.09,0.03,Completed,1418.3427
3505,18,2024-11-22,RAV4,30804.68,0.03,Cancelled,924.1404
3506,17,2024-11-20,Tacoma,32260.71,0.03,Completed,967.8213
3507,14,2024-11-25,RAV4,28712.03,,Pending,0.0
3508,20,2024-11-10,Tundra,49481.97,0.05,Pending,2474.0985
3509,1,2024-11-18,Camry,27345.11,,Completed,0.0
3510,18,2024-11-04,Corolla,22483.8,0.03,Pending,674.514
3511,4,2024-11-30,RAV4,28681.82,,Completed,0.0
3512,1,2024-11-05,Corolla,21807.55,0.02,Pending,436.151
3513,14,2024-11-27,Camry,27392.0,0.03,Completed,821.76
3514,8,2024-11-30,Highlander,43483.96,0.05,Completed,2174.198
3515,10,2024-11-13,RAV4,28991.57,,Completed,0.0
3516,12,2024-11-26,Highlander,44264.75,0.02,Completed,885.2950000000001
3517,16,2024-11-23,Highlander,39551.07,0.02,Completed,791.0214
3518,8,2024-11-25,Highlander,42494.62,0.03,Completed,1274.8386
3519,9,2024-11-23,Highlander,38591.17,0.05,Completed,1929.5585
3520,3,2024-11-20,Tacoma,36961.92,0.05,Completed,1848.096
3521,8,2024-11-23,Tundra,45986.68,0.05,Completed,2299.3340000000003
3522,12,2024-11-03,Tacoma,34208.3,0.05,Completed,1710.4150000000002
3523,2,2024-11-08,Tacoma,35823.73,,Cancelled,0.0
3524,13,2024-11-20,Highlander,37515.78,0.05,Completed,1875.789
3525,13,2024-11-05,Tundra,44931.22,,Pending,0.0
3526,6,2024-11-07,Corolla,21329.9,,Completed,0.0
3527,11,2024-11-01,Camry,27122.08,0.05,Completed,1356.1040000000003
3528,11,2024-11-03,RAV4,29885.24,,Cancelled,0.0
3529,18,2024-11-18,Tundra,48250.57,0.05,Completed,2412.5285
3530,7,2024-11-24,Camry,26487.56,0.03,Completed,794.6268
3531,9,2024-11-04,RAV4,31328.46,0.05,Pending,1566.423
3532,9,2024-11-04,Camry,28442.43,0.05,Completed,1422.1215000000002
3533,9,2024-11-18,Tundra,37294.42,0.02,Completed,745.8883999999999
3534,12,2024-11-13,Camry,27556.53,,Pending,0.0
3535,14,2024-11-03,Highlander,42246.77,0.02,Pending,844.9354
3536,14,2024-11-19,Highlander,37000.73,,Pending,0.0
3537,2,2024-11-08,Highlander,42389.49,0.03,Completed,1271.6846999999998
3538,1,2024-11-26,Highlander,40549.78,0.03,Completed,1216.4933999999998
3539,4,2024-11-29,Tacoma,30051.63,0.02,Pending,601.0326
3540,20,2024-11-10,Tundra,41565.47,0.05,Completed,2078.2735000000002
3541,3,2024-11-01,RAV4,29071.0,0.05,Completed,1453.5500000000002
3542,15,2024-11-09,Camry,27378.81,0.03,Completed,821.3643
3543,6,2024-11-20,Tacoma,37942.65,,Cancelled,0.0
3544,1,2024-11-21,Highlander,39793.54,,Completed,0.0
3545,17,2024-11-14,Highlander,44898.2,0.02,Completed,897.9639999999999
3546,4,2024-11-28,Highlander,39343.35,0.03,Completed,1180.3004999999998
3547,18,2024-11-22,Camry,25039.33,0.03,Pending,751.1799
3548,10,2024-11-01,Highlander,38927.39,,Completed,0.0
3549,16,2024-11-08,Highlander,43321.03,,Completed,0.0
3550,10,2024-11-06,RAV4,32238.0,0.05,Completed,1611.9
3551,20,2024-11-14,Camry,29929.18,0.05,Completed,1496.459
3552,13,2024-11-12,Tacoma,31814.68,0.05,Cancelled,1590.7340000000002
3553,12,2024-11-13,Corolla,22111.43,0.02,Completed,442.22860000000003
3554,18,2024-11-19,Camry,27026.67,,Pending,0.0
3555,15,2024-11-07,Corolla,20017.71,0.02,Completed,400.3542
3556,14,2024-11-20,Highlander,37141.08,0.02,Completed,742.8216000000001
3557,16,2024-11-01,Camry,29098.61,0.02,Completed,581.9722
3558,15,2024-11-12,Tundra,46841.22,,Pending,0.0
3559,1,2024-11-21,Tacoma,31400.9,,Completed,0.0
3560,9,2024-11-28,Highlander,36075.79,0.02,Completed,721.5158
3561,14,2024-11-16,Highlander,39181.53,0.03,Completed,1175.4459
3562,3,2024-11-10,Camry,27919.23,0.05,Completed,1395.9615000000001
3563,6,2024-11-01,Tacoma,33140.42,0.02,Completed,662.8084
3564,14,2024-11-09,Tacoma,33450.22,0.03,Completed,1003.5066
3565,12,2024-11-28,RAV4,27017.29,,Completed,0.0
3566,6,2024-11-05,Camry,29234.06,0.03,Completed,877.0218
3567,4,2024-11-27,RAV4,32907.13,0.03,Completed,987.2138999999999
3568,10,2024-11-10,Corolla,24936.72,0.03,Completed,748.1016
3569,17,2024-11-11,Camry,27414.28,0.05,Pending,1370.714
3570,12,2024-11-09,Tacoma,34130.97,,Completed,0.0
3571,10,2024-11-29,Camry,28061.81,0.03,Pending,841.8543
3572,15,2024-11-04,Corolla,24845.82,0.05,Completed,1242.2910000000002
3573,12,2024-11-09,Highlander,44678.65,0.03,Completed,1340.3595
3574,12,2024-11-12,Camry,28611.11,0.03,Pending,858.3333
3575,7,2024-11-01,Camry,27047.14,0.05,Completed,1352.357
3576,9,2024-11-26,Tundra,35248.2,0.05,Cancelled,1762.4099999999999
3577,2,2024-11-10,Tacoma,33885.66,0.05,Completed,1694.2830000000004
3578,10,2024-11-21,Highlander,44359.48,0.02,Completed,887.1896
3579,3,2024-11-04,Highlander,43312.09,0.05,Pending,2165.6045
3580,19,2024-11-03,Camry,28546.03,0.03,Completed,856.3808999999999
3581,3,2024-11-21,RAV4,33660.12,0.02,Completed,673.2024
3582,8,2024-11-14,Tundra,41430.0,,Completed,0.0
3583,6,2024-11-29,Tacoma,33110.32,0.03,Completed,993.3095999999999
3584,4,2024-11-22,RAV4,31174.78,0.03,Cancelled,935.2434
3585,17,2024-11-16,Highlander,40500.22,0.05,Completed,2025.0110000000002
3586,1,2024-11-02,Highlander,42931.89,0.02,Completed,858.6378
3587,17,2024-11-07,Camry,25139.34,0.05,Pending,1256.967
3588,14,2024-11-04,Corolla,20184.51,0.02,Pending,403.6902
3589,3,2024-11-02,Highlander,40620.52,0.03,Pending,1218.6155999999999
3590,15,2024-11-17,RAV4,30888.17,,Completed,0.0
3591,16,2024-11-04,Corolla,24825.5,,Completed,0.0
3592,6,2024-11-03,Corolla,20178.8,0.02,Completed,403.576
3593,5,2024-11-03,RAV4,32100.54,0.02,Completed,642.0108
3594,20,2024-11-11,Tacoma,39654.69,0.05,Pending,1982.7345000000003
3595,16,2024-11-23,Tundra,49743.93,0.05,Completed,2487.1965
3596,8,2024-11-06,Tacoma,33437.77,0.02,Completed,668.7553999999999
3597,7,2024-11-16,Tacoma,31532.78,0.03,Completed,945.9834
3598,8,2024-11-22,Tundra,48338.28,0.02,Completed,966.7656
3599,6,2024-11-09,RAV4,33359.47,0.03,Pending,1000.7841
3600,9,2024-11-08,Tacoma,37258.51,0.05,Pending,1862.9255000000003
3601,17,2024-11-13,RAV4,31632.67,0.03,Completed,948.9800999999999
3602,19,2024-11-08,Tundra,45157.3,0.03,Pending,1354.719
3603,19,2024-11-16,Corolla,23013.22,0.05,Completed,1150.661
3604,15,2024-11-30,Camry,27586.64,0.03,Cancelled,827.5992
3605,13,2024-11-05,Tacoma,31259.26,0.05,Completed,1562.963
3606,11,2024-11-03,Highlander,39178.83,0.05,Completed,1958.9415000000001
3607,15,2024-11-05,Highlander,38524.5,0.03,Completed,1155.735
3608,18,2024-11-30,Highlander,44939.76,0.05,Pending,2246.9880000000003
3609,4,2024-11-22,Corolla,20619.15,0.05,Pending,1030.9575000000002
3610,15,2024-11-09,RAV4,29678.3,0.05,Completed,1483.915
3611,15,2024-11-28,Tacoma,35658.31,0.02,Completed,713.1662
3612,10,2024-11-14,RAV4,29797.94,0.03,Pending,893.9381999999999
3613,16,2024-11-25,Camry,29167.03,,Completed,0.0
3614,18,2024-11-15,Tundra,38831.42,0.03,Completed,1164.9425999999999
3615,16,2024-11-07,Camry,29880.48,,Completed,0.0
3616,13,2024-11-25,RAV4,28683.55,,Pending,0.0
3617,9,2024-11-30,Camry,28128.89,0.02,Pending,562.5778
3618,12,2024-11-14,Tundra,41258.9,,Completed,0.0
3619,13,2024-11-21,Corolla,20528.34,,Pending,0.0
3620,16,2024-11-03,Corolla,24361.1,0.02,Completed,487.222
3621,4,2024-11-03,Corolla,23933.68,0.05,Completed,1196.684
3622,5,2024-11-07,Corolla,21145.52,,Pending,0.0
3623,2,2024-11-17,Camry,27544.39,0.02,Completed,550.8878
3624,10,2024-11-09,Camry,27021.87,0.02,Pending,540.4374
3625,4,2024-11-06,Corolla,23371.57,,Pending,0.0
3626,7,2024-11-16,Camry,29981.84,0.05,Completed,1499.092
3627,7,2024-11-14,Corolla,23960.0,0.05,Pending,1198.0
3628,4,2024-11-02,Tacoma,31064.69,0.05,Completed,1553.2345
3629,12,2024-11-26,Corolla,24790.97,0.03,Completed,743.7291
3630,19,2024-11-09,Camry,25134.4,0.02,Cancelled,502.68800000000005
3631,19,2024-11-25,Tundra,44927.89,,Completed,0.0
3632,9,2024-11-05,Tacoma,34434.14,0.02,Completed,688.6828
3633,5,2024-11-29,RAV4,34763.76,0.02,Completed,695.2752
3634,3,2024-11-23,Highlander,41223.67,0.02,Pending,824.4734
3635,16,2024-11-10,RAV4,28770.68,0.03,Completed,863.1204
3636,12,2024-11-17,Camry,29714.04,0.05,Completed,1485.7020000000002
3637,12,2024-11-24,RAV4,28288.16,0.05,Completed,1414.4080000000001
3638,18,2024-11-23,Camry,26240.04,0.05,Completed,1312.0020000000002
3639,8,2024-11-16,RAV4,27839.31,,Completed,0.0
3640,17,2024-11-30,RAV4,33547.73,0.03,Completed,1006.4319
3641,11,2024-11-18,Camry,28715.32,0.03,Completed,861.4595999999999
3642,8,2024-11-14,Highlander,43122.72,0.05,Pending,2156.136
3643,7,2024-11-08,Tacoma,39605.5,0.02,Cancelled,792.11
3644,11,2024-11-08,Camry,25208.74,0.05,Completed,1260.4370000000001
3645,2,2024-11-29,Highlander,37039.53,0.03,Completed,1111.1859
3646,5,2024-11-30,Tacoma,37368.27,0.03,Completed,1121.0480999999997
3647,17,2024-11-04,Highlander,37853.1,,Completed,0.0
3648,4,2024-11-10,Tundra,49907.66,,Completed,0.0
3649,17,2024-11-13,Tundra,37557.34,0.03,Pending,1126.7201999999997
3650,15,2024-11-09,Corolla,23838.27,0.03,Completed,715.1481
3651,5,2024-11-22,Tundra,37756.31,0.03,Cancelled,1132.6892999999998
3652,1,2024-11-25,Camry,29746.36,,Pending,0.0
3653,16,2024-11-28,Tacoma,33131.66,0.03,Completed,993.9498000000001
3654,20,2024-11-13,Highlander,41520.88,0.05,Completed,2076.044
3655,13,2024-11-03,RAV4,29123.98,0.02,Completed,582.4796
3656,2,2024-11-20,Corolla,22441.16,0.03,Cancelled,673.2348
3657,5,2024-11-26,Corolla,21230.26,0.02,Pending,424.60519999999997
3658,13,2024-11-25,Tacoma,34188.01,,Pending,0.0
3659,8,2024-11-23,Tundra,47682.11,,Pending,0.0
3660,17,2024-11-15,Highlander,37772.04,,Pending,0.0
3661,13,2024-11-12,Corolla,23289.13,0.05,Completed,1164.4565
3662,3,2024-11-24,RAV4,30602.48,0.02,Completed,612.0496
3663,17,2024-11-14,Highlander,40175.14,,Completed,0.0
3664,3,2024-11-05,Corolla,20792.83,0.02,Completed,415.85660000000007
3665,3,2024-11-07,Tundra,46574.21,,Completed,0.0
3666,17,2024-11-12,RAV4,33085.33,,Completed,0.0
3667,13,2024-11-27,Highlander,43300.0,0.03,Completed,1299.0
3668,11,2024-11-24,Corolla,22710.4,0.03,Cancelled,681.312
3669,2,2024-11-16,Highlander,41083.06,0.02,Cancelled,821.6612
3670,9,2024-11-19,Tacoma,33154.98,0.02,Completed,663.0996000000001
3671,9,2024-11-07,Camry,29478.14,0.03,Completed,884.3442
3672,1,2024-11-30,RAV4,34698.05,0.05,Pending,1734.9025000000001
3673,18,2024-11-13,Camry,25704.28,0.03,Completed,771.1283999999999
3674,10,2024-11-20,Highlander,35341.1,0.05,Completed,1767.055
3675,15,2024-11-11,Tacoma,32260.26,0.03,Completed,967.8077999999999
3676,9,2024-11-22,Highlander,38406.46,0.05,Completed,1920.323
3677,9,2024-11-17,Camry,28637.7,,Completed,0.0
3678,19,2024-11-02,Highlander,44452.95,,Completed,0.0
3679,18,2024-11-05,Tundra,42672.03,0.05,Completed,2133.6015
3680,6,2024-11-02,Highlander,42765.1,0.05,Completed,2138.255
3681,9,2024-11-20,Tundra,37343.67,0.05,Completed,1867.1835
3682,11,2024-11-01,Camry,25256.87,,Pending,0.0
3683,9,2024-11-25,Tacoma,38707.21,,Pending,0.0
3684,10,2024-11-05,Tundra,35490.02,,Completed,0.0
3685,9,2024-11-27,RAV4,28386.28,0.03,Pending,851.5884
3686,18,2024-11-04,Highlander,37887.66,0.05,Pending,1894.3830000000003
3687,19,2024-11-12,Highlander,44465.43,0.05,Completed,2223.2715000000003
3688,9,2024-11-07,RAV4,30075.61,0.02,Completed,601.5122
3689,6,2024-11-02,Tundra,42210.52,0.03,Completed,1266.3156
3690,19,2024-11-10,Camry,29278.33,,Completed,0.0
3691,8,2024-11-04,Tundra,40320.48,0.03,Completed,1209.6144000000002
3692,2,2024-11-13,Tacoma,39842.33,0.02,Pending,796.8466000000001
3693,11,2024-11-25,RAV4,31112.49,0.02,Completed,622.2498
3694,19,2024-11-20,Tacoma,39523.22,0.05,Completed,1976.161
3695,7,2024-11-21,RAV4,29701.89,,Completed,0.0
3696,12,2024-11-26,Tundra,36451.85,0.03,Pending,1093.5555
3697,7,2024-11-07,Tundra,47457.81,0.03,Pending,1423.7342999999998
3698,18,2024-11-24,Tundra,39658.3,,Completed,0.0
3699,12,2024-11-11,Tundra,48151.61,,Completed,0.0
3700,20,2024-11-10,Corolla,23982.35,0.03,Completed,719.4704999999999
3701,10,2024-11-20,Tacoma,39312.96,0.05,Completed,1965.6480000000001
3702,1,2024-11-07,Corolla,24573.52,,Completed,0.0
3703,5,2024-11-22,Camry,25916.18,0.02,Pending,518.3236
3704,10,2024-11-26,Camry,28483.84,0.02,Pending,569.6768000000001
3705,8,2024-11-14,RAV4,29533.19,0.05,Completed,1476.6595
3706,18,2024-11-06,Corolla,22842.93,0.05,Pending,1142.1465
3707,9,2024-11-07,RAV4,29299.07,0.02,Completed,585.9814
3708,7,2024-11-17,Tacoma,38535.22,0.02,Completed,770.7044000000001
3709,8,2024-11-20,Tundra,49557.52,,Completed,0.0
3710,1,2024-11-03,Camry,25980.16,0.02,Completed,519.6032
3711,15,2024-11-21,Corolla,22841.14,0.05,Completed,1142.057
3712,8,2024-11-20,Tacoma,33922.72,,Pending,0.0
3713,11,2024-11-12,Camry,27599.3,0.05,Cancelled,1379.9650000000001
3714,3,2024-11-12,Tacoma,31468.18,,Pending,0.0
3715,8,2024-11-11,Corolla,24392.96,,Pending,0.0
3716,8,2024-11-03,Tacoma,37234.06,,Completed,0.0
3717,13,2024-11-10,Corolla,20038.33,,Completed,0.0
3718,10,2024-11-24,RAV4,34798.31,,Pending,0.0
3719,3,2024-11-17,Corolla,21988.09,0.05,Completed,1099.4045
3720,5,2024-11-14,Camry,25823.46,0.02,Pending,516.4692
3721,1,2024-11-15,RAV4,29075.46,0.02,Pending,581.5092
3722,6,2024-11-28,RAV4,32662.18,0.02,Completed,653.2436
3723,19,2024-11-08,Camry,29837.68,0.03,Pending,895.1304
3724,9,2024-11-21,RAV4,27604.41,0.02,Cancelled,552.0882
3725,8,2024-11-29,Tundra,44763.16,0.05,Completed,2238.1580000000004
3726,13,2024-11-02,Highlander,35175.98,0.05,Completed,1758.7990000000002
3727,19,2024-11-14,Camry,27501.94,,Completed,0.0
3728,2,2024-11-11,Highlander,42454.75,0.03,Completed,1273.6425
3729,1,2024-11-14,Corolla,22669.43,0.05,Pending,1133.4715
3730,13,2024-11-07,Tacoma,31751.91,0.03,Pending,952.5572999999999
3731,2,2024-11-24,Tacoma,36006.81,0.02,Completed,720.1361999999999
3732,12,2024-11-09,RAV4,31843.04,0.02,Completed,636.8608
3733,17,2024-11-15,Corolla,23749.19,0.05,Completed,1187.4595
3734,8,2024-11-08,Corolla,22925.69,0.03,Pending,687.7706999999999
3735,8,2024-11-28,Camry,27536.18,0.02,Completed,550.7236
3736,6,2024-11-04,RAV4,31519.24,0.03,Completed,945.5772000000001
3737,5,2024-11-12,Tacoma,30771.54,0.03,Completed,923.1462
3738,18,2024-11-14,Tacoma,35808.4,0.05,Completed,1790.42
3739,15,2024-11-24,Camry,29313.66,0.05,Completed,1465.683
3740,10,2024-11-01,Tacoma,30639.93,0.02,Completed,612.7986
3741,7,2024-11-09,Tacoma,38028.83,0.03,Pending,1140.8649
3742,20,2024-11-11,Corolla,21249.42,,Completed,0.0
3743,8,2024-11-23,Corolla,21420.77,0.03,Completed,642.6231
3744,16,2024-11-14,Tacoma,31219.02,0.05,Pending,1560.951
3745,18,2024-11-21,Camry,28745.11,0.05,Pending,1437.2555000000002
3746,5,2024-11-02,Camry,28571.45,0.05,Completed,1428.5725000000002
3747,8,2024-11-25,Camry,26106.95,0.02,Pending,522.139
3748,17,2024-11-09,Highlander,42034.26,,Completed,0.0
3749,13,2024-11-05,Corolla,22045.07,,Completed,0.0
3750,14,2024-11-14,Tacoma,37556.38,0.05,Completed,1877.819
3751,18,2024-11-12,Tacoma,34205.04,0.03,Completed,1026.1512
3752,16,2024-11-10,Tundra,42030.61,0.02,Completed,840.6122
3753,13,2024-11-01,Highlander,44300.01,,Completed,0.0
3754,5,2024-11-08,Highlander,42923.44,0.02,Completed,858.4688000000001
3755,13,2024-11-26,Tundra,48671.05,,Completed,0.0
3756,17,2024-11-28,Corolla,24523.38,,Completed,0.0
3757,8,2024-11-24,RAV4,31964.83,0.05,Completed,1598.2415
3758,15,2024-11-03,RAV4,34798.55,0.03,Completed,1043.9565
3759,17,2024-11-08,Camry,26552.71,0.03,Completed,796.5812999999999
3760,12,2024-11-11,Tundra,45025.43,0.03,Pending,1350.7629
3761,16,2024-11-23,Tacoma,35940.98,0.05,Completed,1797.0490000000002
3762,16,2024-11-14,RAV4,28226.57,0.05,Cancelled,1411.3285
3763,4,2024-11-03,RAV4,30095.6,0.05,Completed,1504.78
3764,12,2024-11-26,Camry,26548.27,0.02,Completed,530.9654
3765,13,2024-11-08,Highlander,44309.97,0.02,Completed,886.1994000000001
3766,9,2024-11-25,Highlander,42137.44,,Pending,0.0
3767,13,2024-11-28,RAV4,29961.99,0.03,Completed,898.8597
3768,8,2024-11-21,Highlander,41235.76,0.03,Pending,1237.0728
3769,8,2024-11-24,Highlander,39061.5,0.03,Completed,1171.845
3770,13,2024-11-26,Camry,26629.5,0.02,Pending,532.59
3771,8,2024-11-28,Highlander,37312.4,0.05,Completed,1865.6200000000001
3772,19,2024-11-24,Tacoma,38011.1,0.03,Completed,1140.3329999999999
3773,5,2024-11-17,Camry,27486.0,,Completed,0.0
3774,18,2024-11-02,Camry,26200.22,0.03,Pending,786.0066
3775,16,2024-11-25,Camry,29376.92,0.03,Pending,881.3075999999999
3776,5,2024-11-10,Tundra,36240.41,0.05,Completed,1812.0205000000003
3777,8,2024-11-25,Tundra,37961.59,0.05,Completed,1898.0794999999998
3778,15,2024-11-09,Highlander,35033.93,0.02,Completed,700.6786000000001
3779,11,2024-11-15,Corolla,21258.45,0.05,Pending,1062.9225000000001
3780,7,2024-11-27,Corolla,22290.65,0.03,Pending,668.7195
3781,4,2024-11-29,Tacoma,34381.39,0.03,Cancelled,1031.4416999999999
3782,10,2024-11-03,Tundra,39705.29,0.03,Completed,1191.1587
3783,15,2024-11-26,RAV4,28100.15,,Pending,0.0
3784,11,2024-11-04,Tundra,48953.97,,Completed,0.0
3785,9,2024-11-13,Corolla,22563.49,0.02,Pending,451.26980000000003
3786,11,2024-11-08,Corolla,22294.31,,Pending,0.0
3787,10,2024-11-27,Highlander,36167.16,0.03,Completed,1085.0148000000002
3788,1,2024-11-09,RAV4,28054.59,0.03,Completed,841.6377
3789,15,2024-11-08,RAV4,27550.27,0.02,Completed,551.0054
3790,1,2024-11-18,Corolla,24517.73,,Pending,0.0
3791,17,2024-11-27,Corolla,22257.47,0.03,Completed,667.7241
3792,11,2024-11-01,Tacoma,36777.37,,Completed,0.0
3793,15,2024-11-08,Corolla,22257.72,0.02,Cancelled,445.1544
3794,9,2024-11-29,RAV4,27055.43,0.05,Completed,1352.7715
3795,17,2024-11-25,Corolla,20571.12,0.03,Completed,617.1336
3796,17,2024-11-27,Camry,27230.87,,Pending,0.0
3797,16,2024-11-01,Tacoma,37821.17,0.03,Completed,1134.6351
3798,5,2024-11-20,Camry,28108.93,0.03,Pending,843.2678999999999
3799,16,2024-11-01,Camry,26875.85,0.03,Completed,806.2755
3800,9,2024-11-15,Tundra,40846.89,0.02,Completed,816.9378
3801,14,2024-11-08,Camry,26954.99,,Pending,0.0
3802,18,2024-11-30,Tacoma,32575.52,0.05,Completed,1628.776
3803,4,2024-11-14,Tacoma,39624.71,0.05,Cancelled,1981.2355
3804,4,2024-11-04,Tacoma,34000.93,0.03,Pending,1020.0278999999999
3805,15,2024-11-05,RAV4,33024.57,0.05,Completed,1651.2285000000002
3806,7,2024-11-23,Camry,27461.42,0.05,Pending,1373.071
3807,1,2024-11-24,Highlander,38110.35,0.03,Completed,1143.3104999999998
3808,18,2024-11-12,Corolla,24948.01,0.02,Completed,498.9602
3809,9,2024-11-07,Highlander,39758.29,0.02,Completed,795.1658
3810,2,2024-11-14,Tacoma,33524.3,0.05,Completed,1676.2150000000001
3811,9,2024-11-09,RAV4,34885.39,0.05,Completed,1744.2695
3812,17,2024-11-02,Camry,28350.88,0.03,Pending,850.5264
3813,20,2024-11-11,Corolla,20809.98,0.03,Pending,624.2994
3814,16,2024-11-17,Camry,25027.86,0.05,Pending,1251.393
3815,16,2024-11-19,Tundra,37639.91,0.05,Cancelled,1881.9955000000002
3816,4,2024-11-06,Tacoma,32976.74,0.05,Completed,1648.837
3817,16,2024-11-13,Camry,25842.54,0.05,Completed,1292.1270000000002
3818,8,2024-11-22,Camry,28333.78,,Completed,0.0
3819,8,2024-11-03,Corolla,22262.58,0.02,Completed,445.25160000000005
3820,2,2024-11-15,Corolla,22309.23,0.02,Completed,446.1846
3821,2,2024-11-03,Corolla,20944.08,0.03,Completed,628.3224
3822,19,2024-11-13,Camry,26263.88,0.03,Completed,787.9164
3823,17,2024-11-18,RAV4,27372.49,0.03,Completed,821.1747
3824,14,2024-11-05,Tacoma,31022.77,,Completed,0.0
3825,15,2024-11-05,Tacoma,38658.13,0.05,Completed,1932.9065
3826,10,2024-11-27,Camry,29365.65,0.03,Pending,880.9695
3827,14,2024-11-09,Highlander,41229.11,0.05,Completed,2061.4555
3828,17,2024-11-01,Tacoma,39534.37,0.02,Pending,790.6874
3829,17,2024-11-01,RAV4,30357.42,,Cancelled,0.0
3830,11,2024-11-03,Highlander,39548.14,0.05,Completed,1977.4070000000002
3831,6,2024-11-05,Tundra,43418.17,0.05,Completed,2170.9085
3832,11,2024-11-08,RAV4,27972.75,0.03,Completed,839.1825
3833,18,2024-11-26,Highlander,43873.05,0.05,Pending,2193.6525
3834,19,2024-11-04,Camry,29772.78,0.02,Completed,595.4556
3835,3,2024-11-19,Corolla,20670.76,0.02,Cancelled,413.41519999999997
3836,14,2024-11-18,RAV4,29247.39,0.02,Completed,584.9478
3837,1,2024-11-17,Tundra,44546.85,,Completed,0.0
3838,16,2024-11-10,Corolla,20518.22,0.05,Completed,1025.911
3839,12,2024-11-06,Corolla,20631.45,0.03,Pending,618.9435
3840,1,2024-11-26,Tundra,46151.99,0.03,Completed,1384.5596999999998
3841,2,2024-11-28,RAV4,30027.72,0.05,Completed,1501.3860000000002
3842,1,2024-11-22,Camry,25154.14,0.03,Completed,754.6242
3843,2,2024-11-28,Camry,29035.94,0.05,Pending,1451.797
3844,18,2024-11-02,Tacoma,35795.57,0.03,Completed,1073.8671
3845,13,2024-11-16,Tacoma,39975.42,0.05,Pending,1998.771
3846,11,2024-11-20,Tacoma,35735.11,0.02,Completed,714.7022000000001
3847,11,2024-11-26,Tundra,35970.0,0.03,Completed,1079.1
3848,17,2024-11-08,RAV4,31992.46,0.02,Completed,639.8492
3849,16,2024-11-26,Corolla,21909.7,0.02,Completed,438.194
3850,5,2024-11-13,Camry,28231.49,0.05,Completed,1411.5745000000002
3851,8,2024-11-02,Corolla,24162.47,0.03,Pending,724.8741
3852,13,2024-11-18,Camry,29334.69,0.02,Pending,586.6938
3853,20,2024-11-23,Highlander,35055.07,0.02,Completed,701.1014
3854,10,2024-11-08,Tacoma,38247.12,0.05,Completed,1912.3560000000002
3855,19,2024-11-11,Tacoma,31069.76,0.03,Completed,932.0927999999999
3856,2,2024-11-16,Tacoma,32636.31,,Completed,0.0
3857,14,2024-11-24,Corolla,24179.94,0.02,Completed,483.5988
3858,3,2024-11-01,Tacoma,37872.85,0.03,Completed,1136.1854999999998
3859,1,2024-11-22,Corolla,22598.79,,Completed,0.0
3860,20,2024-11-29,Camry,28879.34,0.05,Pending,1443.967
3861,9,2024-11-13,RAV4,32145.38,0.02,Cancelled,642.9076
3862,5,2024-11-14,Highlander,38837.08,0.02,Completed,776.7416000000001
3863,2,2024-11-21,Tundra,47578.42,0.05,Completed,2378.921
3864,17,2024-11-27,Camry,28869.74,0.05,Pending,1443.487
3865,1,2024-11-24,Tundra,46264.48,0.05,Completed,2313.224
3866,1,2024-11-13,Corolla,21842.46,0.05,Completed,1092.123
3867,1,2024-11-21,Camry,26951.42,,Completed,0.0
3868,4,2024-11-02,Tundra,46545.35,0.03,Completed,1396.3605
3869,17,2024-11-03,Corolla,22572.57,0.03,Completed,677.1771
3870,12,2024-11-05,Camry,27111.17,,Completed,0.0
3871,6,2024-11-10,RAV4,34726.31,0.02,Completed,694.5262
3872,20,2024-11-06,Corolla,21510.38,0.02,Completed,430.2076
3873,13,2024-11-07,Highlander,36950.59,0.02,Pending,739.0118
3874,18,2024-11-20,RAV4,33260.51,0.03,Completed,997.8153
3875,7,2024-11-22,Camry,28137.97,0.02,Completed,562.7594
3876,14,2024-11-11,Highlander,42338.74,0.05,Cancelled,2116.937
3877,20,2024-11-07,Tundra,38271.34,0.05,Completed,1913.567
3878,17,2024-11-24,Corolla,24347.01,,Completed,0.0
3879,5,2024-11-08,Tacoma,33679.12,,Completed,0.0
3880,18,2024-11-05,RAV4,27799.43,0.02,Pending,555.9886
3881,8,2024-11-11,Tacoma,39493.47,0.02,Completed,789.8694
3882,13,2024-11-25,RAV4,32549.91,0.02,Completed,650.9982
3883,15,2024-11-05,Corolla,23304.25,0.05,Pending,1165.2125
3884,11,2024-11-01,Tundra,44189.63,0.05,Completed,2209.4815
3885,14,2024-11-08,Camry,27105.63,0.03,Pending,813.1689
3886,8,2024-11-28,Camry,26796.93,0.05,Completed,1339.8465
3887,18,2024-11-13,RAV4,32584.22,0.05,Completed,1629.2110000000002
3888,16,2024-11-04,Camry,28228.85,,Completed,0.0
3889,18,2024-11-10,RAV4,33028.41,0.03,Completed,990.8523
3890,7,2024-11-03,Highlander,42010.48,0.02,Pending,840.2096000000001
3891,14,2024-11-08,Camry,29507.51,0.03,Pending,885.2253
3892,6,2024-11-07,Camry,25954.17,0.05,Completed,1297.7085
3893,15,2024-11-17,Tacoma,39987.48,0.05,Completed,1999.3740000000003
3894,4,2024-11-04,Corolla,20469.67,0.03,Pending,614.0900999999999
3895,9,2024-11-17,Tacoma,38104.97,0.05,Pending,1905.2485000000001
3896,19,2024-11-08,RAV4,27046.8,0.03,Pending,811.404
3897,13,2024-11-15,Tacoma,36271.96,0.05,Completed,1813.598
3898,5,2024-11-06,Camry,27025.56,0.02,Pending,540.5112
3899,9,2024-11-21,Highlander,44023.88,0.05,Pending,2201.194
3900,10,2024-11-24,Corolla,24354.43,0.03,Pending,730.6329
3901,16,2024-11-10,Corolla,21515.65,0.03,Completed,645.4695
3902,18,2024-11-24,Highlander,42357.17,0.02,Completed,847.1433999999999
3903,16,2024-11-15,Camry,28104.65,,Completed,0.0
3904,19,2024-11-30,Camry,28494.06,0.02,Completed,569.8812
3905,19,2024-11-20,RAV4,30401.83,,Completed,0.0
3906,3,2024-11-06,Tundra,43617.32,0.02,Completed,872.3464
3907,2,2024-11-02,Tundra,46840.08,0.02,Completed,936.8016
3908,8,2024-11-07,Tundra,39316.53,,Pending,0.0
3909,4,2024-11-13,Camry,25824.53,,Pending,0.0
3910,1,2024-11-19,Corolla,21887.12,0.05,Pending,1094.356
3911,7,2024-11-05,Corolla,24763.33,0.02,Completed,495.26660000000004
3912,11,2024-11-18,Corolla,23824.47,0.03,Pending,714.7341
3913,7,2024-11-21,Corolla,23366.32,0.05,Cancelled,1168.316
3914,12,2024-11-09,Camry,27353.43,0.05,Pending,1367.6715000000002
3915,9,2024-11-19,Highlander,39625.18,0.03,Pending,1188.7554
3916,1,2024-11-14,Corolla,23046.08,0.02,Completed,460.92160000000007
3917,5,2024-11-07,Camry,27720.99,0.05,Completed,1386.0495
3918,6,2024-11-29,Highlander,44225.39,0.03,Completed,1326.7617
3919,17,2024-11-07,RAV4,32881.58,0.02,Completed,657.6316
3920,8,2024-11-25,RAV4,29036.76,0.03,Completed,871.1027999999999
3921,2,2024-11-27,Tacoma,30411.51,,Completed,0.0
3922,2,2024-11-25,Camry,29075.16,,Completed,0.0
3923,19,2024-11-19,Tacoma,32077.12,0.05,Cancelled,1603.856
3924,6,2024-11-13,RAV4,30344.06,0.02,Completed,606.8812
3925,16,2024-11-23,Highlander,41803.46,0.05,Completed,2090.1730000000002
3926,16,2024-11-26,Corolla,21965.06,,Cancelled,0.0
3927,6,2024-11-21,Corolla,23645.09,,Completed,0.0
3928,17,2024-11-05,RAV4,33863.7,0.02,Completed,677.274
3929,14,2024-11-20,Highlander,42520.57,0.05,Completed,2126.0285
3930,10,2024-11-20,Highlander,43426.4,0.02,Completed,868.528
3931,1,2024-11-24,Highlander,37771.29,0.02,Completed,755.4258
3932,18,2024-11-01,Tundra,42987.88,0.02,Completed,859.7575999999999
3933,10,2024-11-24,Camry,27795.91,,Pending,0.0
3934,4,2024-11-16,Tacoma,37519.66,0.03,Completed,1125.5898
3935,6,2024-11-27,Tundra,49942.26,0.05,Completed,2497.1130000000003
3936,17,2024-11-29,Corolla,23367.77,0.05,Pending,1168.3885
3937,19,2024-11-11,Highlander,44702.33,,Completed,0.0
3938,6,2024-11-30,RAV4,32133.84,0.02,Completed,642.6768000000001
3939,6,2024-11-12,Corolla,22050.07,,Completed,0.0
3940,9,2024-11-05,Tacoma,37175.87,0.05,Completed,1858.7935000000002
3941,4,2024-11-12,Highlander,41747.18,0.05,Completed,2087.359
3942,8,2024-11-16,RAV4,29579.11,0.05,Completed,1478.9555
3943,16,2024-11-17,Highlander,39951.85,0.03,Completed,1198.5555
3944,13,2024-11-01,Tacoma,37002.08,0.02,Pending,740.0416
3945,3,2024-11-25,RAV4,29384.16,0.05,Completed,1469.208
3946,2,2024-11-23,Corolla,24049.9,,Completed,0.0
3947,12,2024-11-06,RAV4,33812.93,,Completed,0.0
3948,19,2024-11-20,RAV4,28423.9,0.05,Completed,1421.1950000000002
3949,20,2024-11-11,Tundra,37200.73,,Cancelled,0.0
3950,2,2024-11-16,Highlander,36306.13,0.03,Completed,1089.1839
3951,2,2024-11-09,Camry,29251.32,,Completed,0.0
3952,10,2024-11-17,Tacoma,35606.06,,Completed,0.0
3953,2,2024-11-19,Tundra,42633.39,0.02,Completed,852.6678
3954,14,2024-11-03,Tacoma,30835.47,,Pending,0.0
3955,8,2024-11-14,Corolla,21434.17,0.05,Completed,1071.7085
3956,7,2024-11-03,RAV4,27714.61,0.05,Completed,1385.7305000000001
3957,7,2024-11-27,Tacoma,34507.09,0.03,Pending,1035.2126999999998
3958,13,2024-11-24,RAV4,34121.44,,Completed,0.0
3959,6,2024-11-23,RAV4,30369.75,0.03,Completed,911.0925
3960,14,2024-11-11,Tundra,42788.04,0.02,Completed,855.7608
3961,4,2024-11-15,Tundra,43920.99,0.05,Completed,2196.0495
3962,6,2024-11-22,Highlander,39202.87,,Cancelled,0.0
3963,6,2024-11-08,Camry,28873.67,0.05,Completed,1443.6835
3964,5,2024-11-20,RAV4,33458.56,0.03,Completed,1003.7567999999999
3965,8,2024-11-11,Tacoma,33286.58,,Completed,0.0
3966,20,2024-11-17,Highlander,43340.2,0.05,Pending,2167.0099999999998
3967,6,2024-11-08,Highlander,35673.9,0.02,Completed,713.4780000000001
3968,7,2024-11-23,RAV4,33729.28,0.02,Completed,674.5856
3969,5,2024-11-19,Tacoma,31471.3,0.05,Completed,1573.565
3970,6,2024-11-25,Tacoma,37103.04,0.02,Completed,742.0608000000001
3971,16,2024-11-21,RAV4,30722.16,0.03,Completed,921.6648
3972,11,2024-11-07,Highlander,41084.08,0.05,Completed,2054.204
3973,4,2024-11-08,Tacoma,39201.15,0.03,Completed,1176.0345
3974,20,2024-11-08,Tundra,35535.95,0.03,Completed,1066.0784999999998
3975,19,2024-11-19,Highlander,36694.3,0.02,Completed,733.8860000000001
3976,11,2024-11-06,Corolla,24818.34,,Pending,0.0
3977,19,2024-11-15,Camry,29189.74,0.02,Completed,583.7948
3978,13,2024-11-18,RAV4,30171.66,0.02,Pending,603.4332
3979,7,2024-11-15,Highlander,42201.76,,Completed,0.0
3980,9,2024-11-22,Camry,25501.15,,Completed,0.0
3981,9,2024-11-15,Highlander,43533.36,0.02,Completed,870.6672
3982,17,2024-11-06,Corolla,20466.17,,Completed,0.0
3983,10,2024-11-08,Tundra,42787.75,,Completed,0.0
3984,9,2024-11-19,Tacoma,37577.34,0.03,Pending,1127.3201999999999
3985,9,2024-11-05,Corolla,22657.96,0.03,Completed,679.7388
3986,9,2024-11-03,RAV4,29082.11,0.05,Completed,1454.1055000000001
3987,2,2024-11-25,Highlander,40770.07,0.02,Completed,815.4014
3988,16,2024-11-20,Highlander,44687.28,0.03,Completed,1340.6183999999998
3989,10,2024-11-01,Highlander,36639.32,,Completed,0.0
3990,20,2024-11-15,Camry,28326.21,,Completed,0.0
3991,5,2024-11-12,Tundra,38579.04,0.05,Completed,1928.9520000000002
3992,13,2024-11-02,RAV4,33537.21,0.05,Pending,1676.8605
3993,10,2024-11-08,Highlander,40257.74,0.05,Completed,2012.887
3994,7,2024-11-23,Tacoma,30562.19,0.05,Completed,1528.1095
3995,8,2024-11-22,Tundra,42204.48,,Pending,0.0
3996,17,2024-11-28,Camry,25156.41,0.02,Completed,503.1282
3997,13,2024-11-23,Camry,25034.25,,Pending,0.0
3998,1,2024-11-04,Highlander,44312.24,0.05,Completed,2215.612
3999,7,2024-11-19,Corolla,24205.23,0.03,Completed,726.1569
4000,1,2024-11-14,Corolla,20270.79,0.02,Pending,405.41580000000005
4001,11,2024-11-08,RAV4,33400.37,0.02,Pending,668.0074000000001
4002,17,2024-11-09,RAV4,31291.97,0.02,Completed,625.8394000000001
4003,19,2024-11-28,Tundra,49828.45,0.03,Completed,1494.8535
4004,7,2024-11-13,Camry,25507.95,0.03,Completed,765.2385
4005,14,2024-11-26,Camry,26319.36,0.02,Cancelled,526.3872
4006,13,2024-11-17,RAV4,27858.46,0.02,Completed,557.1692
4007,17,2024-11-04,Highlander,35957.48,0.05,Pending,1797.8740000000003
4008,9,2024-11-13,Highlander,35921.74,,Completed,0.0
4009,8,2024-11-18,Highlander,43592.97,0.05,Cancelled,2179.6485000000002
4010,18,2024-11-24,Tacoma,38703.17,0.02,Completed,774.0634
4011,18,2024-11-04,RAV4,31185.68,0.03,Completed,935.5704
4012,10,2024-11-08,Tacoma,38490.41,0.02,Completed,769.8082
4013,10,2024-11-27,RAV4,28847.54,,Completed,0.0
4014,14,2024-11-21,Camry,26466.58,0.05,Completed,1323.3290000000002
4015,18,2024-11-16,Tacoma,39306.12,0.05,Completed,1965.3060000000003
4016,2,2024-11-24,Tundra,36156.49,,Completed,0.0
4017,5,2024-11-16,RAV4,28151.25,0.02,Completed,563.025
4018,9,2024-11-02,Corolla,22036.21,0.02,Completed,440.7242
4019,17,2024-11-13,Tundra,44962.87,,Completed,0.0
4020,8,2024-11-30,Camry,25645.84,0.03,Pending,769.3752
4021,3,2024-11-29,Camry,28664.78,0.03,Pending,859.9433999999999
4022,16,2024-11-06,Highlander,41914.64,0.03,Completed,1257.4392
4023,2,2024-11-08,RAV4,31812.83,0.05,Completed,1590.6415000000002
4024,11,2024-11-23,Camry,28338.35,0.02,Cancelled,566.7669999999999
4025,14,2024-11-19,Corolla,20933.84,0.02,Pending,418.6768
4026,5,2024-11-10,Highlander,39758.75,,Completed,0.0
4027,14,2024-11-02,Camry,27298.66,,Pending,0.0
4028,14,2024-11-07,Tundra,40771.21,0.05,Completed,2038.5605
4029,16,2024-11-07,Corolla,21034.8,,Pending,0.0
4030,4,2024-11-12,Camry,28672.52,,Completed,0.0
4031,16,2024-11-24,Corolla,21584.59,0.03,Completed,647.5377
4032,5,2024-11-05,Tundra,44692.79,0.03,Completed,1340.7837
4033,5,2024-11-10,RAV4,27469.53,0.02,Completed,549.3906
4034,8,2024-11-01,Camry,28486.18,,Completed,0.0
4035,14,2024-11-23,RAV4,27743.72,0.03,Completed,832.3116
4036,9,2024-11-22,Corolla,22935.74,0.02,Completed,458.7148
4037,15,2024-11-01,Tacoma,31510.86,0.02,Completed,630.2172
4038,10,2024-11-20,Highlander,36530.23,0.05,Pending,1826.5115000000003
4039,7,2024-11-10,Corolla,24670.04,0.03,Completed,740.1012
4040,16,2024-11-08,Camry,25040.43,,Completed,0.0
4041,18,2024-11-27,Camry,29460.58,,Pending,0.0
4042,11,2024-11-19,Camry,29883.67,0.02,Completed,597.6734
4043,17,2024-11-29,Highlander,39309.48,0.03,Completed,1179.2844
4044,13,2024-11-29,Highlander,44824.6,0.02,Completed,896.492
4045,11,2024-11-30,RAV4,30511.44,0.05,Completed,1525.5720000000001
4046,14,2024-11-11,Tacoma,32178.5,,Pending,0.0
4047,1,2024-11-14,Camry,26677.48,0.02,Completed,533.5496
4048,8,2024-11-01,Camry,26922.19,,Completed,0.0
4049,1,2024-11-25,Tacoma,32735.49,0.03,Completed,982.0647
4050,2,2024-11-27,Camry,29516.7,0.03,Completed,885.501
4051,6,2024-11-19,Camry,27599.07,,Pending,0.0
4052,5,2024-11-16,RAV4,28285.39,0.02,Completed,565.7078
4053,4,2024-11-16,Tacoma,35793.71,,Completed,0.0
4054,4,2024-11-25,Tacoma,31736.18,,Pending,0.0
4055,1,2024-11-06,Camry,27032.4,0.02,Pending,540.648
4056,20,2024-11-23,RAV4,34594.73,0.05,Completed,1729.7365000000002
4057,12,2024-11-09,RAV4,32235.72,0.05,Completed,1611.786
4058,3,2024-11-22,Highlander,44071.26,,Cancelled,0.0
4059,2,2024-11-18,RAV4,31318.01,0.02,Completed,626.3602
4060,20,2024-11-21,Corolla,20665.02,0.02,Completed,413.3004
4061,16,2024-11-20,Tundra,40901.66,0.02,Completed,818.0332000000001
4062,5,2024-11-29,Tacoma,35854.92,0.05,Pending,1792.746
4063,3,2024-11-30,RAV4,30083.8,0.05,Pending,1504.19
4064,11,2024-11-20,Tundra,45802.79,0.05,Completed,2290.1395
4065,5,2024-11-10,Tacoma,39604.43,,Completed,0.0
4066,1,2024-11-07,RAV4,28502.7,0.02,Completed,570.054
4067,17,2024-11-07,Corolla,24315.27,0.03,Completed,729.4581
4068,14,2024-11-17,Highlander,39414.09,0.02,Completed,788.2818
4069,15,2024-11-25,RAV4,29670.41,0.03,Pending,890.1123
4070,15,2024-11-03,Tacoma,34046.62,0.02,Completed,680.9324
4071,17,2024-11-26,RAV4,30374.87,0.03,Pending,911.2461
4072,8,2024-11-27,Tundra,37318.71,,Pending,0.0
4073,11,2024-11-23,Highlander,44399.54,,Pending,0.0
4074,3,2024-11-21,Corolla,21453.39,0.02,Pending,429.0678
4075,18,2024-11-09,Corolla,24139.64,,Pending,0.0
4076,20,2024-11-16,Camry,29533.38,,Completed,0.0
4077,19,2024-11-23,RAV4,29147.16,0.02,Completed,582.9432
4078,3,2024-11-25,Tundra,39413.01,0.05,Pending,1970.6505000000002
4079,9,2024-11-27,Camry,28936.46,0.03,Cancelled,868.0938
4080,6,2024-11-30,Highlander,43123.14,0.05,Completed,2156.157
4081,4,2024-11-07,Tacoma,32100.51,0.05,Pending,1605.0255
4082,12,2024-11-03,Camry,25094.64,,Completed,0.0
4083,11,2024-11-29,RAV4,31687.45,,Completed,0.0
4084,10,2024-11-03,Corolla,21538.37,0.03,Completed,646.1510999999999
4085,5,2024-11-07,RAV4,30379.05,0.03,Completed,911.3715
4086,8,2024-11-13,Highlander,37555.93,0.02,Completed,751.1186
4087,7,2024-11-21,Tacoma,34871.57,0.05,Pending,1743.5785
4088,9,2024-11-07,Tundra,47951.75,0.02,Cancelled,959.035
4089,1,2024-11-23,RAV4,27389.51,0.02,Completed,547.7902
4090,4,2024-11-26,Tundra,42727.93,,Completed,0.0
4091,4,2024-11-07,Tundra,38819.34,0.05,Completed,1940.9669999999999
4092,14,2024-11-16,Tacoma,38340.39,0.05,Completed,1917.0195
4093,5,2024-11-12,Camry,27942.07,0.03,Completed,838.2620999999999
4094,10,2024-11-21,Tacoma,39829.16,,Completed,0.0
4095,20,2024-11-19,RAV4,30276.65,0.02,Cancelled,605.533
4096,19,2024-11-23,RAV4,27542.05,0.05,Pending,1377.1025
4097,7,2024-11-02,Tundra,37730.0,0.05,Completed,1886.5
4098,17,2024-11-01,Tundra,48422.66,,Completed,0.0
4099,2,2024-11-03,Tacoma,37263.48,,Completed,0.0
4100,17,2024-11-29,Camry,28751.04,0.05,Completed,1437.5520000000001
4101,9,2024-11-06,Camry,28420.8,0.03,Pending,852.6239999999999
4102,20,2024-11-17,Corolla,21122.86,0.03,Completed,633.6858
4103,9,2024-11-12,Camry,25204.96,0.05,Pending,1260.248
4104,11,2024-11-12,Camry,29293.35,0.05,Pending,1464.6675
4105,15,2024-11-07,Highlander,36583.15,0.05,Pending,1829.1575000000003
4106,3,2024-11-12,Corolla,24130.9,0.03,Completed,723.927
4107,13,2024-11-18,Tundra,35345.45,0.03,Completed,1060.3635
4108,8,2024-11-27,Tacoma,35429.83,0.03,Completed,1062.8949
4109,12,2024-11-12,Highlander,44912.16,,Pending,0.0
4110,11,2024-11-27,Tundra,43291.07,0.03,Pending,1298.7321
4111,17,2024-11-10,Tacoma,30580.04,0.05,Completed,1529.0020000000002
4112,7,2024-11-25,Tundra,46421.97,0.05,Completed,2321.0985
4113,19,2024-11-12,Corolla,23288.88,0.05,Completed,1164.4440000000002
4114,7,2024-11-10,Highlander,40914.36,,Completed,0.0
4115,11,2024-11-30,Camry,25366.67,0.02,Completed,507.3334
4116,12,2024-11-16,RAV4,30873.34,,Completed,0.0
4117,12,2024-11-06,Camry,27242.77,0.02,Completed,544.8554
4118,13,2024-11-03,Camry,29377.99,0.05,Completed,1468.8995000000002
4119,15,2024-11-30,Tacoma,34081.99,,Pending,0.0
4120,15,2024-11-21,Tacoma,30262.93,,Pending,0.0
4121,3,2024-11-19,Tundra,44275.17,0.03,Completed,1328.2550999999999
4122,12,2024-11-09,Camry,26999.06,0.05,Completed,1349.9530000000002
4123,15,2024-11-22,RAV4,29922.54,0.05,Completed,1496.1270000000002
4124,15,2024-11-24,Tacoma,35453.75,0.05,Pending,1772.6875
4125,16,2024-11-07,Highlander,38333.95,0.05,Completed,1916.6975
4126,1,2024-11-02,Corolla,21066.88,0.03,Completed,632.0064
4127,2,2024-11-24,Tacoma,32051.95,0.02,Completed,641.039
4128,6,2024-11-20,Tundra,42923.93,0.02,Pending,858.4786
4129,9,2024-11-18,RAV4,29675.65,0.02,Completed,593.513
4130,2,2024-11-12,RAV4,29254.7,0.03,Completed,877.641
4131,13,2024-11-14,RAV4,29368.56,,Completed,0.0
4132,16,2024-11-19,Corolla,23097.93,0.05,Completed,1154.8965
4133,13,2024-11-13,Tundra,49086.53,0.03,Completed,1472.5958999999998
4134,3,2024-11-13,RAV4,28996.42,0.05,Completed,1449.821
4135,15,2024-11-05,Camry,27267.86,0.05,Completed,1363.393
4136,6,2024-11-07,Highlander,43814.03,0.03,Completed,1314.4208999999998
4137,10,2024-11-16,Highlander,38746.42,,Pending,0.0
4138,8,2024-11-22,Corolla,21368.19,0.05,Completed,1068.4095
4139,6,2024-11-28,Camry,29105.02,0.05,Completed,1455.2510000000002
4140,17,2024-11-18,Camry,25130.07,0.02,Completed,502.6014
4141,19,2024-11-22,RAV4,33178.07,0.03,Completed,995.3421
4142,3,2024-11-24,Tundra,35026.61,,Completed,0.0
4143,18,2024-11-19,Tacoma,39845.12,0.05,Pending,1992.2560000000003
4144,17,2024-11-16,RAV4,31809.87,0.03,Completed,954.2960999999999
4145,8,2024-11-08,Corolla,23559.92,0.02,Completed,471.1984
4146,7,2024-11-01,Highlander,35425.23,0.05,Pending,1771.2615000000003
4147,14,2024-11-26,RAV4,30336.05,0.02,Completed,606.721
4148,7,2024-11-03,Highlander,40125.52,0.03,Pending,1203.7656
4149,20,2024-11-13,Corolla,20464.9,0.02,Completed,409.29800000000006
4150,9,2024-11-17,RAV4,32832.88,0.03,Pending,984.9863999999999
4151,11,2024-11-15,Highlander,42343.53,,Cancelled,0.0
4152,4,2024-11-19,Tundra,49379.87,,Completed,0.0
4153,20,2024-11-25,Tundra,36069.59,0.05,Completed,1803.4795
4154,16,2024-11-19,RAV4,27850.42,,Cancelled,0.0
4155,11,2024-11-20,Tundra,44780.48,0.03,Pending,1343.4144000000001
4156,4,2024-11-26,Highlander,39787.73,0.03,Completed,1193.6319
4157,17,2024-11-29,Corolla,23568.8,,Pending,0.0
4158,16,2024-11-16,Corolla,20781.12,0.02,Cancelled,415.62239999999997
4159,11,2024-11-19,Corolla,23669.53,,Completed,0.0
4160,12,2024-11-26,Tundra,35895.36,,Completed,0.0
4161,14,2024-11-14,Tacoma,31539.18,0.02,Cancelled,630.7836
4162,20,2024-11-19,Camry,27288.51,,Pending,0.0
4163,12,2024-11-07,Highlander,36114.24,0.05,Completed,1805.712
4164,11,2024-11-02,RAV4,31927.29,0.05,Completed,1596.3645000000001
4165,17,2024-11-08,Highlander,35940.2,,Pending,0.0
4166,10,2024-11-26,RAV4,34002.11,0.02,Completed,680.0422
4167,17,2024-11-03,Tundra,35968.23,0.02,Pending,719.3646000000001
4168,20,2024-11-23,Camry,28095.78,0.02,Completed,561.9156
4169,11,2024-11-20,Corolla,23246.71,0.05,Completed,1162.3355
4170,5,2024-11-25,Corolla,22584.78,0.05,Pending,1129.239
4171,14,2024-11-23,Tacoma,32128.86,0.03,Completed,963.8658
4172,6,2024-11-09,Highlander,40413.09,,Completed,0.0
4173,6,2024-11-27,Corolla,20684.56,0.02,Cancelled,413.69120000000004
4174,4,2024-11-12,Tacoma,37210.94,0.02,Completed,744.2188000000001
4175,15,2024-11-05,RAV4,29760.89,0.05,Completed,1488.0445
4176,20,2024-11-23,RAV4,30276.89,,Completed,0.0
4177,14,2024-11-08,Highlander,44975.88,0.02,Completed,899.5176
4178,6,2024-11-22,RAV4,33604.69,0.05,Pending,1680.2345000000003
4179,4,2024-11-12,Highlander,36109.93,0.05,Completed,1805.4965000000002
4180,13,2024-11-02,Corolla,20717.38,0.03,Completed,621.5214
4181,19,2024-11-13,RAV4,32931.4,0.02,Completed,658.628
4182,20,2024-11-17,Tacoma,33968.62,0.02,Completed,679.3724000000001
4183,11,2024-11-25,RAV4,34487.92,,Completed,0.0
4184,5,2024-11-21,Camry,25894.85,0.02,Pending,517.8969999999999
4185,19,2024-11-02,Highlander,35785.92,0.05,Completed,1789.296
4186,10,2024-11-28,Tundra,42085.3,,Completed,0.0
4187,18,2024-11-03,Corolla,24209.9,0.05,Completed,1210.4950000000001
4188,15,2024-11-17,Corolla,21943.05,0.05,Completed,1097.1525
4189,14,2024-11-12,Tacoma,37346.83,,Completed,0.0
4190,6,2024-11-29,Highlander,42440.97,0.03,Completed,1273.2291
4191,10,2024-11-23,Highlander,38367.94,0.05,Completed,1918.3970000000002
4192,8,2024-11-26,Camry,25683.62,0.02,Completed,513.6724
4193,17,2024-11-17,Tacoma,34942.2,0.02,Completed,698.8439999999999
4194,11,2024-11-30,Camry,26908.44,,Completed,0.0
4195,14,2024-11-24,Corolla,23325.8,,Completed,0.0
4196,5,2024-11-18,Tundra,45253.6,0.05,Completed,2262.68
4197,14,2024-11-15,Corolla,24029.26,0.03,Pending,720.8778
4198,3,2024-11-26,Tundra,41724.57,,Completed,0.0
4199,9,2024-11-18,Tacoma,31721.18,0.02,Completed,634.4236
4200,15,2024-11-03,Highlander,36318.41,0.02,Cancelled,726.3682000000001
4201,19,2024-11-15,Camry,28704.34,,Completed,0.0
4202,18,2024-11-25,Camry,25466.71,0.02,Cancelled,509.3342
4203,17,2024-11-30,Highlander,44284.82,0.05,Completed,2214.241
4204,18,2024-11-02,Tacoma,35041.05,0.02,Completed,700.821
4205,4,2024-11-15,RAV4,32585.12,,Completed,0.0
4206,11,2024-11-09,Corolla,22514.55,0.02,Completed,450.291
4207,14,2024-11-15,Highlander,37524.71,0.02,Completed,750.4942
4208,7,2024-11-02,RAV4,34941.38,0.02,Completed,698.8276
4209,14,2024-11-25,Corolla,21831.61,,Completed,0.0
4210,18,2024-11-29,Camry,25157.29,0.03,Completed,754.7187
4211,14,2024-11-17,Camry,27326.44,0.03,Completed,819.7932
4212,6,2024-11-11,Highlander,37414.37,,Completed,0.0
4213,19,2024-11-19,Tacoma,37759.98,0.05,Completed,1887.9990000000003
4214,18,2024-11-10,Tacoma,31869.11,0.05,Completed,1593.4555
4215,6,2024-11-03,Camry,29079.44,,Completed,0.0
4216,18,2024-11-05,Tacoma,36159.71,0.02,Completed,723.1942
4217,6,2024-11-05,Camry,25655.18,0.02,Pending,513.1036
4218,17,2024-11-03,Tacoma,36663.21,0.03,Completed,1099.8962999999999
4219,8,2024-11-01,Corolla,20161.5,0.03,Pending,604.845
4220,9,2024-11-20,RAV4,31439.04,,Pending,0.0
4221,8,2024-11-06,Tundra,38536.78,,Completed,0.0
4222,16,2024-11-03,Tundra,45439.45,0.03,Completed,1363.1834999999999
4223,3,2024-11-18,Camry,29646.11,0.05,Completed,1482.3055000000002
4224,18,2024-11-01,Tundra,47452.31,0.03,Pending,1423.5692999999999
4225,8,2024-11-26,RAV4,33720.02,,Completed,0.0
4226,6,2024-11-28,Camry,25643.19,,Completed,0.0
4227,15,2024-11-29,Highlander,38577.57,0.02,Completed,771.5514000000001
4228,4,2024-11-09,Corolla,24798.41,0.02,Pending,495.9682
4229,13,2024-11-12,Tundra,44053.53,0.03,Completed,1321.6059
4230,13,2024-11-24,Corolla,23662.26,0.02,Completed,473.24519999999995
4231,17,2024-11-02,Tundra,48895.85,0.03,Completed,1466.8754999999999
4232,9,2024-11-04,Camry,26875.6,0.05,Completed,1343.78
4233,8,2024-11-28,Camry,26075.72,0.05,Completed,1303.786
4234,19,2024-11-27,Highlander,40369.48,0.02,Completed,807.3896000000001
4235,10,2024-11-09,Highlander,44591.26,,Completed,0.0
4236,13,2024-11-22,Tacoma,34188.92,0.03,Cancelled,1025.6676
4237,19,2024-11-08,RAV4,28200.02,0.02,Pending,564.0004
4238,19,2024-11-16,Camry,28610.19,0.03,Completed,858.3056999999999
4239,2,2024-11-25,Highlander,35684.22,,Cancelled,0.0
4240,9,2024-11-28,RAV4,28526.28,0.03,Pending,855.7883999999999
4241,1,2024-11-17,Tundra,41958.13,0.03,Completed,1258.7439
4242,9,2024-11-14,Corolla,20988.64,,Pending,0.0
4243,16,2024-11-28,Tundra,43452.5,0.03,Completed,1303.575
4244,10,2024-11-28,RAV4,33777.79,0.03,Completed,1013.3337
4245,4,2024-11-08,Camry,27382.06,0.03,Completed,821.4618
4246,2,2024-11-12,Corolla,21584.69,0.02,Completed,431.6938
4247,9,2024-11-08,Tacoma,37864.25,0.02,Pending,757.285
4248,9,2024-11-15,Highlander,36457.8,0.05,Completed,1822.8900000000003
4249,17,2024-11-24,RAV4,32124.37,,Pending,0.0
4250,9,2024-11-18,Tacoma,35358.24,0.02,Completed,707.1648
4251,13,2024-11-16,Tundra,45738.81,0.02,Completed,914.7762
4252,12,2024-11-20,Highlander,42242.56,,Completed,0.0
4253,20,2024-11-24,Camry,29054.84,,Completed,0.0
4254,9,2024-11-18,Tundra,37478.25,,Pending,0.0
4255,1,2024-11-09,RAV4,31811.25,0.03,Completed,954.3375
4256,20,2024-11-20,Tundra,46101.16,,Completed,0.0
4257,2,2024-11-09,Tundra,42028.49,0.05,Completed,2101.4245
4258,15,2024-11-11,Tacoma,36460.84,0.02,Completed,729.2167999999999
4259,19,2024-11-02,Tundra,39091.57,0.02,Completed,781.8314
4260,20,2024-11-16,Tacoma,37429.31,0.02,Completed,748.5862
4261,8,2024-11-12,Tacoma,35817.43,0.03,Pending,1074.5229
4262,18,2024-11-10,Highlander,40940.55,0.03,Completed,1228.2165
4263,18,2024-11-12,RAV4,30726.81,0.03,Cancelled,921.8043
4264,2,2024-11-16,Highlander,42862.63,0.05,Completed,2143.1315
4265,18,2024-11-18,RAV4,28998.96,,Completed,0.0
4266,14,2024-11-04,Corolla,23543.54,0.03,Completed,706.3062
4267,2,2024-11-27,RAV4,32991.52,,Pending,0.0
4268,9,2024-11-19,RAV4,33622.18,0.03,Completed,1008.6654
4269,4,2024-11-16,RAV4,27043.44,0.02,Completed,540.8688
4270,6,2024-11-24,Camry,29206.9,0.02,Completed,584.138
4271,20,2024-11-10,Corolla,20137.97,0.03,Completed,604.1391
4272,19,2024-11-30,RAV4,31391.75,0.02,Cancelled,627.835
4273,5,2024-11-18,Camry,25169.43,0.02,Completed,503.3886
4274,17,2024-11-26,RAV4,28140.31,0.02,Pending,562.8062
4275,16,2024-11-18,Corolla,22926.66,0.03,Pending,687.7998
4276,8,2024-11-16,RAV4,32394.02,0.05,Pending,1619.701
4277,17,2024-11-07,Tundra,48703.12,0.03,Completed,1461.0936
4278,6,2024-11-28,Tundra,37432.39,0.02,Completed,748.6478
4279,17,2024-11-08,RAV4,32155.18,0.02,Cancelled,643.1036
4280,4,2024-11-16,RAV4,33101.89,0.03,Completed,993.0567
4281,9,2024-11-15,Camry,27753.34,0.05,Pending,1387.6670000000001
4282,12,2024-11-01,Corolla,23625.98,0.02,Completed,472.5196
4283,4,2024-11-29,RAV4,32216.7,0.03,Completed,966.501
4284,7,2024-11-27,Corolla,22658.21,0.02,Cancelled,453.1642
4285,8,2024-11-08,Highlander,41667.2,0.03,Completed,1250.0159999999998
4286,17,2024-11-01,Tacoma,39778.46,0.02,Completed,795.5692
4287,3,2024-11-22,Highlander,42495.82,0.03,Cancelled,1274.8745999999999
4288,15,2024-11-03,Camry,27971.01,0.02,Completed,559.4202
4289,4,2024-11-07,Tacoma,36330.19,0.05,Completed,1816.5095000000001
4290,5,2024-11-21,Tacoma,30536.88,,Completed,0.0
4291,17,2024-11-03,RAV4,27553.41,,Completed,0.0
4292,15,2024-11-13,Corolla,23691.45,,Completed,0.0
4293,3,2024-11-21,RAV4,34416.17,0.02,Completed,688.3234
4294,11,2024-11-07,RAV4,32028.46,0.02,Completed,640.5692
4295,2,2024-11-26,Corolla,23820.84,,Cancelled,0.0
4296,19,2024-11-29,RAV4,27339.5,,Pending,0.0
4297,20,2024-11-05,RAV4,28476.5,,Cancelled,0.0
4298,17,2024-11-08,Tacoma,39074.65,0.05,Completed,1953.7325
4299,8,2024-11-24,Corolla,21681.05,0.03,Completed,650.4314999999999
4300,10,2024-11-02,Tundra,41701.38,0.02,Pending,834.0276
4301,1,2024-11-11,Tacoma,38087.29,0.02,Completed,761.7458
4302,17,2024-11-09,Highlander,35339.7,0.02,Completed,706.794
4303,18,2024-11-07,Tundra,39426.59,0.02,Completed,788.5318
4304,10,2024-11-23,Camry,25248.09,0.05,Cancelled,1262.4045
4305,5,2024-11-18,RAV4,28261.93,0.05,Completed,1413.0965
4306,18,2024-11-07,Tundra,40153.41,,Completed,0.0
4307,20,2024-11-09,Tacoma,33278.12,0.02,Completed,665.5624
4308,10,2024-11-19,RAV4,33664.23,0.02,Completed,673.2846000000001
4309,14,2024-11-25,Tundra,49132.25,,Cancelled,0.0
4310,6,2024-11-07,Highlander,40918.09,0.05,Completed,2045.9044999999999
4311,19,2024-11-03,Corolla,24744.12,0.03,Completed,742.3235999999999
4312,15,2024-11-19,Camry,28324.6,0.05,Cancelled,1416.23
4313,1,2024-11-07,Tacoma,37543.96,0.02,Completed,750.8792
4314,20,2024-11-02,Tacoma,38727.89,,Pending,0.0
4315,5,2024-11-03,Corolla,24417.78,0.02,Completed,488.3556
4316,12,2024-11-07,Camry,29868.45,,Pending,0.0
4317,20,2024-11-20,Camry,27683.9,0.03,Pending,830.517
4318,17,2024-11-08,Highlander,37197.35,0.02,Completed,743.947
4319,3,2024-11-23,Camry,25393.52,0.02,Completed,507.8704
4320,12,2024-11-06,Tundra,41992.2,0.05,Completed,2099.61
4321,17,2024-11-26,Corolla,22868.27,,Completed,0.0
4322,12,2024-11-02,Camry,28333.86,,Completed,0.0
4323,15,2024-11-06,Tundra,41591.03,0.03,Completed,1247.7309
4324,1,2024-11-21,Tundra,35188.2,,Pending,0.0
4325,15,2024-11-07,Tacoma,30466.73,0.02,Completed,609.3346
4326,4,2024-11-03,RAV4,29989.04,0.03,Completed,899.6712
4327,19,2024-11-08,Tacoma,36744.96,,Completed,0.0
4328,17,2024-11-07,Highlander,35871.27,,Pending,0.0
4329,17,2024-11-12,Camry,26890.96,,Pending,0.0
4330,16,2024-11-17,Corolla,22849.38,0.03,Pending,685.4814
4331,1,2024-11-22,Corolla,21520.66,0.03,Pending,645.6197999999999
4332,14,2024-11-28,Camry,25864.95,0.03,Pending,775.9485
4333,10,2024-11-26,Camry,28632.72,0.02,Completed,572.6544
4334,8,2024-11-14,Tacoma,32011.35,,Pending,0.0
4335,19,2024-11-07,Tacoma,32289.13,0.05,Pending,1614.4565000000002
4336,7,2024-11-16,Camry,25937.37,0.05,Completed,1296.8685
4337,2,2024-11-12,Tacoma,36220.6,,Completed,0.0
4338,10,2024-11-09,Highlander,43960.53,0.02,Completed,879.2106
4339,14,2024-11-08,RAV4,33477.14,0.05,Completed,1673.857
4340,11,2024-11-01,Tundra,40648.33,0.03,Cancelled,1219.4499
4341,2,2024-11-18,Camry,29168.85,0.03,Cancelled,875.0654999999999
4342,8,2024-11-05,Tundra,40447.71,0.05,Completed,2022.3855
4343,13,2024-11-05,Highlander,42969.34,,Completed,0.0
4344,15,2024-11-25,Camry,29778.34,,Pending,0.0
4345,13,2024-11-07,RAV4,32377.57,,Completed,0.0
4346,19,2024-11-24,Corolla,20322.47,,Completed,0.0
4347,3,2024-11-13,Camry,27565.81,,Completed,0.0
4348,18,2024-11-11,Corolla,23721.82,0.02,Completed,474.4364
4349,11,2024-11-27,Tacoma,38387.9,,Completed,0.0
4350,1,2024-11-14,Camry,29293.12,0.05,Completed,1464.656
4351,14,2024-11-02,Highlander,44416.06,,Completed,0.0
4352,4,2024-11-19,Tacoma,39398.36,,Completed,0.0
4353,7,2024-11-05,Camry,28770.53,,Completed,0.0
4354,14,2024-11-09,Tacoma,33581.79,0.02,Completed,671.6358
4355,18,2024-11-20,Tundra,41469.07,0.02,Completed,829.3814
4356,3,2024-11-14,Tundra,44748.78,0.02,Pending,894.9756
4357,15,2024-11-25,Corolla,22850.86,,Completed,0.0
4358,13,2024-11-02,RAV4,33294.65,,Pending,0.0
4359,7,2024-11-21,Camry,29054.13,,Completed,0.0
4360,9,2024-11-19,Corolla,20518.29,0.02,Completed,410.36580000000004
4361,15,2024-11-09,RAV4,28347.23,,Completed,0.0
4362,1,2024-11-03,Tundra,45558.98,0.02,Completed,911.1796
4363,17,2024-11-04,Tundra,43972.84,0.03,Completed,1319.1852
4364,6,2024-11-30,Tundra,42015.52,0.02,Completed,840.3104
4365,2,2024-11-16,Tacoma,38254.12,0.02,Cancelled,765.0824000000001
4366,1,2024-11-20,Camry,29235.49,0.05,Completed,1461.7745000000002
4367,13,2024-11-17,Camry,29378.48,0.03,Completed,881.3543999999999
4368,10,2024-11-18,Highlander,38463.15,0.05,Completed,1923.1575000000003
4369,20,2024-11-18,Highlander,35760.64,0.05,Completed,1788.0320000000002
4370,11,2024-11-05,Highlander,40315.63,0.03,Completed,1209.4688999999998
4371,1,2024-11-11,Corolla,20952.29,0.02,Pending,419.04580000000004
4372,7,2024-11-23,Corolla,23322.9,0.05,Completed,1166.1450000000002
4373,20,2024-11-07,Corolla,23277.11,0.03,Completed,698.3133
4374,11,2024-11-12,Tacoma,38093.56,,Completed,0.0
4375,8,2024-11-12,Camry,26865.53,0.03,Completed,805.9658999999999
4376,14,2024-11-30,RAV4,34826.76,,Pending,0.0
4377,19,2024-11-02,RAV4,31203.17,,Completed,0.0
4378,1,2024-11-23,RAV4,30483.78,,Completed,0.0
4379,11,2024-11-22,Corolla,20044.54,0.05,Completed,1002.2270000000001
4380,7,2024-11-03,Tundra,43172.58,0.03,Completed,1295.1774
4381,1,2024-11-18,Tacoma,30181.57,0.02,Completed,603.6314
4382,8,2024-11-03,RAV4,32724.58,,Completed,0.0
4383,9,2024-11-16,Tundra,48418.93,,Completed,0.0
4384,5,2024-11-28,Highlander,43460.15,0.03,Completed,1303.8045
4385,2,2024-11-02,Corolla,22653.13,0.05,Completed,1132.6565
4386,2,2024-11-05,RAV4,33180.71,0.03,Completed,995.4213
4387,5,2024-11-08,Corolla,21124.01,,Completed,0.0
4388,19,2024-11-07,Highlander,38280.98,0.03,Completed,1148.4294
4389,8,2024-11-13,RAV4,27029.46,0.02,Cancelled,540.5892
4390,10,2024-11-11,Tundra,40054.32,0.05,Completed,2002.7160000000001
4391,2,2024-11-01,Camry,27244.43,0.02,Completed,544.8886
4392,14,2024-11-15,Camry,27813.75,0.03,Pending,834.4125
4393,12,2024-11-13,Camry,28862.48,0.03,Pending,865.8743999999999
4394,9,2024-11-28,Highlander,35748.95,,Pending,0.0
4395,11,2024-11-09,Corolla,22833.54,0.05,Completed,1141.6770000000001
4396,13,2024-11-18,Highlander,41980.67,0.03,Completed,1259.4200999999998
4397,13,2024-11-19,Tacoma,37949.63,,Pending,0.0
4398,6,2024-11-15,Corolla,22618.08,0.03,Completed,678.5424
4399,12,2024-11-22,Tacoma,36774.5,0.02,Completed,735.49
4400,15,2024-11-04,Tundra,49790.03,0.03,Completed,1493.7008999999998
4401,19,2024-11-07,Tacoma,32895.91,,Completed,0.0
4402,6,2024-11-12,Highlander,35819.41,,Completed,0.0
4403,11,2024-11-08,Tacoma,30833.79,0.03,Completed,925.0137
4404,11,2024-11-15,Corolla,21792.52,0.02,Pending,435.85040000000004
4405,1,2024-11-04,Highlander,42696.58,,Completed,0.0
4406,14,2024-11-24,Tundra,39263.15,0.03,Pending,1177.8945
4407,4,2024-11-20,Camry,29045.02,,Cancelled,0.0
4408,7,2024-11-24,Tacoma,31587.03,0.02,Cancelled,631.7406
4409,7,2024-11-21,Corolla,24620.83,0.05,Pending,1231.0415000000003
4410,12,2024-11-21,Tacoma,39622.92,0.03,Completed,1188.6876
4411,1,2024-11-19,Tacoma,39694.07,0.03,Completed,1190.8220999999999
4412,18,2024-11-22,Tacoma,34500.4,0.03,Pending,1035.012
4413,2,2024-11-16,Camry,29640.14,,Completed,0.0
4414,10,2024-11-16,Tacoma,38376.02,0.02,Completed,767.5204
4415,9,2024-11-08,Highlander,36631.57,,Completed,0.0
4416,16,2024-11-18,RAV4,28813.56,,Cancelled,0.0
4417,18,2024-11-08,RAV4,32586.84,0.03,Completed,977.6052
4418,17,2024-11-17,RAV4,33373.59,,Pending,0.0
4419,14,2024-11-21,RAV4,28073.37,0.03,Pending,842.2010999999999
4420,10,2024-11-02,Tundra,46275.87,0.05,Completed,2313.7935
4421,6,2024-11-08,Tacoma,39436.77,,Completed,0.0
4422,11,2024-11-03,RAV4,32782.24,,Completed,0.0
4423,3,2024-11-25,Camry,28383.39,0.03,Completed,851.5016999999999
4424,10,2024-11-05,RAV4,31436.11,0.03,Cancelled,943.0833
4425,10,2024-11-24,Corolla,24248.06,0.03,Completed,727.4418000000001
4426,12,2024-11-07,Tundra,38468.91,0.02,Pending,769.3782000000001
4427,7,2024-11-10,Tundra,39998.15,,Completed,0.0
4428,19,2024-11-27,RAV4,32960.49,0.02,Completed,659.2098
4429,18,2024-11-02,Tundra,41324.0,0.03,Pending,1239.72
4430,9,2024-11-11,Highlander,37910.82,0.05,Pending,1895.5410000000002
4431,2,2024-11-22,Camry,29327.96,0.02,Completed,586.5592
4432,17,2024-11-19,Tacoma,30141.22,0.03,Completed,904.2366
4433,9,2024-11-14,Highlander,40179.11,,Cancelled,0.0
4434,17,2024-11-24,RAV4,34846.6,0.02,Completed,696.932
4435,13,2024-11-16,Corolla,24850.13,0.03,Completed,745.5039
4436,1,2024-11-02,Tacoma,31289.86,0.03,Completed,938.6958
4437,20,2024-11-23,Tacoma,33415.47,0.03,Completed,1002.4641
4438,2,2024-11-27,Tacoma,35130.68,0.02,Pending,702.6136
4439,15,2024-11-29,Camry,26998.43,0.02,Completed,539.9686
4440,6,2024-11-04,Tundra,39980.69,0.05,Completed,1999.0345000000002
4441,4,2024-11-05,RAV4,29830.88,,Completed,0.0
4442,7,2024-11-13,RAV4,32278.18,,Completed,0.0
4443,4,2024-11-25,Corolla,20247.63,0.05,Completed,1012.3815000000001
4444,3,2024-11-28,Tundra,41150.27,0.03,Cancelled,1234.5080999999998
4445,17,2024-11-17,Tacoma,32335.29,0.03,Completed,970.0587
4446,18,2024-11-01,Camry,26460.96,,Completed,0.0
4447,17,2024-11-27,Highlander,38890.93,0.03,Pending,1166.7278999999999
4448,14,2024-11-19,Tundra,43083.66,,Completed,0.0
4449,11,2024-11-10,Highlander,42320.73,0.02,Completed,846.4146000000001
4450,11,2024-11-11,Tacoma,32134.48,0.02,Completed,642.6896
4451,19,2024-11-28,Camry,26932.31,0.02,Pending,538.6462
4452,6,2024-11-19,RAV4,34496.64,0.02,Completed,689.9328
4453,14,2024-11-21,Corolla,24895.3,0.03,Pending,746.8589999999999
4454,9,2024-11-30,Tundra,47698.69,0.03,Completed,1430.9607
4455,12,2024-11-18,Highlander,38851.03,0.03,Pending,1165.5309
4456,4,2024-11-27,Highlander,43053.6,0.02,Completed,861.072
4457,4,2024-11-24,Tacoma,34887.98,0.03,Completed,1046.6394
4458,3,2024-11-17,Highlander,38567.88,0.05,Pending,1928.394
4459,5,2024-11-29,Camry,27771.98,0.03,Completed,833.1594
4460,16,2024-11-18,RAV4,29923.59,0.03,Completed,897.7076999999999
4461,12,2024-11-01,Tacoma,32665.0,0.02,Pending,653.3000000000001
4462,5,2024-11-28,Highlander,35111.3,0.02,Completed,702.2260000000001
4463,1,2024-11-04,Corolla,22468.87,0.03,Pending,674.0660999999999
4464,11,2024-11-30,Tacoma,38115.76,0.03,Completed,1143.4728
4465,12,2024-11-06,Corolla,22173.15,0.03,Completed,665.1945000000001
4466,4,2024-11-15,Camry,26615.43,0.02,Completed,532.3086000000001
4467,6,2024-11-03,Corolla,22697.37,0.02,Pending,453.9474
4468,18,2024-11-23,RAV4,27479.66,0.05,Cancelled,1373.9830000000002
4469,13,2024-11-05,Tundra,46179.67,0.03,Pending,1385.3900999999998
4470,19,2024-11-19,Corolla,20294.55,0.02,Pending,405.891
4471,11,2024-11-08,Highlander,44360.4,0.03,Completed,1330.812
4472,13,2024-11-29,RAV4,34672.61,0.05,Completed,1733.6305000000002
4473,7,2024-11-21,Corolla,21669.61,,Completed,0.0
4474,16,2024-11-25,RAV4,33035.04,0.02,Completed,660.7008000000001
4475,18,2024-11-09,Tacoma,31996.29,0.03,Completed,959.8887
4476,2,2024-11-09,Camry,26744.18,,Pending,0.0
4477,14,2024-11-21,Corolla,22620.43,0.02,Pending,452.40860000000004
4478,8,2024-11-11,Tacoma,36330.65,0.05,Cancelled,1816.5325000000003
4479,14,2024-11-23,Camry,25727.44,,Completed,0.0
4480,17,2024-11-18,Highlander,38618.53,,Completed,0.0
4481,13,2024-11-28,RAV4,32091.8,0.05,Completed,1604.5900000000001
4482,2,2024-11-05,Tacoma,35915.86,0.03,Completed,1077.4758
4483,19,2024-11-06,Corolla,20292.18,0.02,Completed,405.84360000000004
4484,4,2024-11-30,Camry,29430.56,0.03,Pending,882.9168
4485,13,2024-11-12,Tacoma,33792.69,0.02,Completed,675.8538000000001
4486,2,2024-11-08,Tundra,41512.52,0.05,Completed,2075.6259999999997
4487,13,2024-11-11,Tundra,49456.74,0.05,Completed,2472.837
4488,8,2024-11-05,Camry,29736.72,0.05,Completed,1486.8360000000002
4489,20,2024-11-26,Tundra,45843.51,0.02,Completed,916.8702000000001
4490,18,2024-11-13,Tacoma,35829.94,,Completed,0.0
4491,14,2024-11-09,Tundra,49177.78,0.05,Completed,2458.889
4492,4,2024-11-11,Camry,25144.59,0.02,Completed,502.8918
4493,2,2024-11-06,RAV4,34636.47,0.03,Completed,1039.0941
4494,8,2024-11-29,RAV4,29529.92,0.02,Completed,590.5984
4495,12,2024-11-14,Tundra,43879.7,,Completed,0.0
4496,5,2024-11-16,Corolla,24676.13,0.05,Completed,1233.8065000000001
4497,14,2024-11-15,Tundra,41742.53,0.03,Cancelled,1252.2758999999999
4498,14,2024-11-08,Tundra,49149.1,,Cancelled,0.0
4499,19,2024-11-24,RAV4,27662.76,0.02,Pending,553.2552
4500,8,2024-11-03,Highlander,35144.82,0.03,Cancelled,1054.3446
4501,2,2024-11-06,RAV4,34102.76,,Completed,0.0
4502,17,2024-11-24,Tacoma,37980.35,0.05,Completed,1899.0175
4503,17,2024-11-16,RAV4,27332.94,0.02,Completed,546.6588
4504,17,2024-11-28,Camry,27643.86,0.03,Cancelled,829.3158
4505,3,2024-11-22,Tundra,36679.83,0.02,Completed,733.5966000000001
4506,15,2024-11-22,Tacoma,37120.93,,Pending,0.0
4507,3,2024-11-26,RAV4,30927.9,0.03,Completed,927.837
4508,10,2024-11-22,Camry,29589.2,0.05,Cancelled,1479.46
4509,14,2024-11-28,Highlander,37258.77,0.03,Completed,1117.7631
4510,12,2024-11-16,Corolla,24954.49,0.02,Completed,499.0898
4511,17,2024-11-23,Tundra,36193.57,,Pending,0.0
4512,6,2024-11-22,Highlander,41525.81,,Pending,0.0
4513,11,2024-11-21,RAV4,27191.44,,Pending,0.0
4514,16,2024-11-08,RAV4,30833.85,,Completed,0.0
4515,18,2024-11-21,Camry,25567.02,0.02,Pending,511.34040000000005
4516,20,2024-11-18,Tundra,42943.62,0.05,Completed,2147.181
4517,12,2024-11-22,Highlander,42695.85,0.05,Completed,2134.7925
4518,14,2024-11-09,Tundra,35299.72,0.02,Completed,705.9944
4519,16,2024-11-23,Corolla,24350.45,0.03,Completed,730.5135
4520,2,2024-11-20,Corolla,24527.71,,Completed,0.0
4521,2,2024-11-26,Camry,26153.35,,Pending,0.0
4522,14,2024-11-13,Camry,28411.37,0.03,Cancelled,852.3411
4523,1,2024-11-07,Camry,29036.91,0.05,Pending,1451.8455000000001
4524,10,2024-11-06,RAV4,33848.04,,Completed,0.0
4525,18,2024-11-01,Tacoma,30497.12,0.05,Cancelled,1524.856
4526,13,2024-11-17,Camry,28429.3,0.02,Completed,568.586
4527,18,2024-11-30,Highlander,35756.68,0.02,Cancelled,715.1336
4528,1,2024-11-08,Tundra,44888.8,0.05,Completed,2244.44
4529,12,2024-11-14,RAV4,27062.14,,Completed,0.0
4530,20,2024-11-19,Camry,27436.51,,Pending,0.0
4531,5,2024-11-10,Tundra,49810.29,,Completed,0.0
4532,5,2024-11-09,RAV4,32927.91,0.03,Completed,987.8373
4533,18,2024-11-18,Camry,29828.51,0.02,Cancelled,596.5702
4534,3,2024-11-11,Corolla,22273.37,0.03,Completed,668.2011
4535,14,2024-11-11,Tundra,47648.61,0.05,Completed,2382.4305
4536,6,2024-11-04,Highlander,41362.72,0.05,Completed,2068.136
4537,10,2024-11-06,Tacoma,30679.58,0.02,Pending,613.5916000000001
4538,14,2024-11-15,Tundra,46348.44,0.03,Completed,1390.4532
4539,1,2024-11-01,Highlander,37545.05,,Completed,0.0
4540,3,2024-11-10,Tundra,49117.05,0.03,Completed,1473.5115
4541,8,2024-11-04,Tundra,47971.74,0.02,Pending,959.4348
4542,20,2024-11-07,Corolla,23740.57,,Completed,0.0
4543,16,2024-11-02,Highlander,37151.58,0.03,Pending,1114.5474
4544,19,2024-11-28,Camry,28079.96,0.03,Pending,842.3987999999999
4545,19,2024-11-08,Camry,29312.41,,Pending,0.0
4546,14,2024-11-29,Camry,29303.63,,Completed,0.0
4547,10,2024-11-11,Tundra,43140.79,0.05,Cancelled,2157.0395000000003
4548,16,2024-11-08,Highlander,38079.41,0.05,Completed,1903.9705000000004
4549,17,2024-11-18,Highlander,42617.87,0.05,Completed,2130.8935
4550,7,2024-11-15,Corolla,24042.24,,Completed,0.0
4551,1,2024-11-13,Tacoma,34423.77,0.05,Completed,1721.1885
4552,5,2024-11-26,Highlander,37067.5,,Pending,0.0
4553,15,2024-11-01,Tundra,35626.8,0.03,Completed,1068.804
4554,16,2024-11-19,RAV4,32318.96,0.02,Pending,646.3792
4555,7,2024-11-08,Camry,25099.22,0.05,Completed,1254.9610000000002
4556,17,2024-11-27,Tacoma,32839.64,0.05,Completed,1641.982
4557,4,2024-11-06,Camry,26978.32,0.05,Pending,1348.9160000000002
4558,10,2024-11-22,Camry,25092.21,0.02,Completed,501.8442
4559,19,2024-11-23,Corolla,22609.4,0.02,Completed,452.18800000000005
4560,16,2024-11-10,Camry,27218.08,0.02,Completed,544.3616000000001
4561,8,2024-11-02,Corolla,24078.92,,Completed,0.0
4562,4,2024-11-12,Corolla,22739.29,0.05,Pending,1136.9645
4563,4,2024-11-10,Tacoma,39994.13,0.02,Pending,799.8825999999999
4564,6,2024-11-01,Camry,29612.01,0.02,Completed,592.2402
4565,7,2024-11-27,Corolla,24530.49,,Completed,0.0
4566,9,2024-11-26,Highlander,41460.69,,Completed,0.0
4567,19,2024-11-20,Camry,25382.13,0.02,Completed,507.6426
4568,18,2024-11-19,Corolla,20169.56,0.03,Pending,605.0868
4569,6,2024-11-21,Corolla,21383.4,,Completed,0.0
4570,19,2024-11-24,RAV4,28230.94,0.02,Pending,564.6188
4571,16,2024-11-28,Camry,25095.05,,Cancelled,0.0
4572,14,2024-11-15,RAV4,28149.8,0.05,Completed,1407.49
4573,3,2024-11-07,Highlander,41991.75,0.05,Completed,2099.5875
4574,15,2024-11-20,RAV4,31760.9,0.05,Pending,1588.045
4575,17,2024-11-28,Tacoma,35397.09,0.02,Cancelled,707.9418
4576,14,2024-11-25,Corolla,22828.33,,Completed,0.0
4577,3,2024-11-03,Camry,29193.3,,Pending,0.0
4578,19,2024-11-25,RAV4,27343.44,,Completed,0.0
4579,14,2024-11-16,Camry,28120.65,0.02,Completed,562.413
4580,16,2024-11-16,RAV4,31137.09,,Completed,0.0
4581,15,2024-11-20,Tundra,37357.44,0.05,Completed,1867.8720000000003
4582,4,2024-11-18,Corolla,20937.84,0.02,Completed,418.7568
4583,12,2024-11-17,Corolla,22926.88,0.02,Completed,458.53760000000005
4584,20,2024-11-06,Highlander,36275.06,0.05,Completed,1813.753
4585,2,2024-11-17,Tacoma,34502.31,0.02,Completed,690.0462
4586,8,2024-11-02,Highlander,36354.91,0.03,Completed,1090.6473
4587,9,2024-11-29,Tacoma,31672.45,0.05,Completed,1583.6225000000002
4588,18,2024-11-09,Tacoma,32106.34,0.02,Completed,642.1268
4589,18,2024-11-03,Tacoma,34008.96,,Completed,0.0
4590,14,2024-11-12,Camry,25699.9,0.03,Pending,770.9970000000001
4591,18,2024-11-04,RAV4,34714.45,0.05,Completed,1735.7224999999999
4592,8,2024-11-04,Tacoma,33149.52,0.02,Completed,662.9903999999999
4593,18,2024-11-05,RAV4,27598.63,0.02,Completed,551.9726
4594,12,2024-11-17,Corolla,20579.29,0.02,Completed,411.5858
4595,4,2024-11-28,Highlander,38508.98,0.05,Cancelled,1925.4490000000003
4596,12,2024-11-22,Tundra,40513.74,0.02,Completed,810.2748
4597,7,2024-11-15,Corolla,20915.5,0.02,Pending,418.31
4598,20,2024-11-16,Tacoma,32354.93,0.02,Completed,647.0986
4599,5,2024-11-30,Tundra,35344.98,0.05,Completed,1767.2490000000003
4600,7,2024-11-30,Tundra,45447.05,,Completed,0.0
4601,20,2024-11-13,Highlander,40830.93,0.02,Completed,816.6186
4602,2,2024-11-13,Tundra,39040.35,0.02,Completed,780.807
4603,20,2024-11-21,Camry,26782.46,0.05,Cancelled,1339.123
4604,4,2024-11-20,Corolla,20178.11,0.05,Completed,1008.9055000000001
4605,7,2024-11-18,Camry,26780.38,0.02,Completed,535.6076
4606,4,2024-11-19,Tacoma,34733.83,0.02,Completed,694.6766
4607,6,2024-11-10,Tacoma,38118.54,,Completed,0.0
4608,11,2024-11-06,Corolla,24909.73,0.02,Cancelled,498.1946
4609,7,2024-11-06,RAV4,30493.49,0.05,Completed,1524.6745
4610,18,2024-11-02,Highlander,36909.93,0.02,Completed,738.1986
4611,9,2024-11-23,RAV4,34902.81,0.02,Completed,698.0562
4612,19,2024-11-22,Tundra,43016.93,,Completed,0.0
4613,8,2024-11-25,RAV4,33180.67,0.03,Completed,995.4200999999999
4614,14,2024-11-30,RAV4,31403.53,0.05,Pending,1570.1765
4615,2,2024-11-14,Tacoma,32569.49,0.02,Completed,651.3898
4616,8,2024-11-13,RAV4,28556.71,0.02,Completed,571.1342
4617,9,2024-11-16,Tacoma,32374.75,0.03,Cancelled,971.2425
4618,1,2024-11-20,Tundra,46049.89,0.03,Cancelled,1381.4967
4619,3,2024-11-04,Tacoma,36023.9,0.03,Completed,1080.717
4620,8,2024-11-13,RAV4,34494.28,0.05,Completed,1724.714
4621,16,2024-11-17,RAV4,30967.65,0.05,Cancelled,1548.3825000000002
4622,9,2024-11-29,Corolla,24335.56,0.05,Completed,1216.778
4623,2,2024-11-21,Tundra,38907.25,0.05,Completed,1945.3625000000002
4624,18,2024-11-16,Corolla,23513.29,0.03,Completed,705.3987
4625,9,2024-11-15,Tacoma,35921.82,0.03,Completed,1077.6545999999998
4626,7,2024-11-30,RAV4,28431.57,0.05,Pending,1421.5785
4627,15,2024-11-23,Camry,29850.17,0.03,Pending,895.5051
4628,9,2024-11-28,Corolla,21337.11,0.03,Completed,640.1133
4629,16,2024-11-24,Highlander,37991.66,0.02,Completed,759.8332
4630,9,2024-11-28,Tacoma,38580.03,0.05,Cancelled,1929.0015
4631,18,2024-11-19,RAV4,33733.93,0.03,Completed,1012.0178999999999
4632,12,2024-11-06,Highlander,37262.75,0.02,Completed,745.255
4633,4,2024-11-27,Camry,26270.57,0.03,Completed,788.1170999999999
4634,15,2024-11-24,Corolla,22097.02,0.03,Completed,662.9106
4635,1,2024-11-25,Tacoma,32409.0,0.05,Completed,1620.45
4636,4,2024-11-28,Tundra,46611.87,0.05,Pending,2330.5935000000004
4637,19,2024-11-30,Highlander,35042.28,0.05,Pending,1752.114
4638,10,2024-11-11,Camry,27759.32,,Completed,0.0
4639,2,2024-11-01,Corolla,22555.48,0.05,Completed,1127.7740000000001
4640,8,2024-11-14,Tundra,42302.63,,Completed,0.0
4641,17,2024-11-04,Tacoma,37728.66,0.05,Completed,1886.4330000000002
4642,13,2024-11-26,Tacoma,37154.38,0.05,Completed,1857.719
4643,1,2024-11-29,Camry,27516.44,0.05,Completed,1375.8220000000001
4644,19,2024-11-14,RAV4,29061.26,0.02,Completed,581.2252
4645,2,2024-11-01,Tacoma,36886.33,0.02,Completed,737.7266000000001
4646,2,2024-11-06,Corolla,21191.19,0.03,Completed,635.7357
4647,14,2024-11-09,Tacoma,38381.56,0.03,Completed,1151.4468
4648,16,2024-11-28,Tundra,45528.57,0.03,Pending,1365.8571
4649,2,2024-11-09,Tundra,38652.12,0.03,Completed,1159.5636
4650,14,2024-11-10,Tundra,43723.12,0.02,Completed,874.4624000000001
4651,6,2024-11-09,Highlander,43711.17,0.05,Completed,2185.5585
4652,11,2024-11-11,Highlander,43859.54,0.05,Cancelled,2192.9770000000003
4653,6,2024-11-02,Tundra,46563.05,0.05,Completed,2328.1525
4654,3,2024-11-22,Tacoma,31192.81,0.05,Completed,1559.6405000000002
4655,7,2024-11-11,Corolla,20063.73,,Completed,0.0
4656,12,2024-11-21,Camry,28676.68,0.03,Cancelled,860.3004
4657,18,2024-11-14,Camry,26282.66,0.05,Completed,1314.133
4658,9,2024-11-15,Corolla,21780.69,,Completed,0.0
4659,8,2024-11-23,Highlander,38445.06,,Completed,0.0
4660,10,2024-11-09,Tacoma,38071.66,0.03,Completed,1142.1498000000001
4661,5,2024-11-10,Corolla,24577.18,0.03,Completed,737.3154
4662,10,2024-11-13,Camry,26694.37,0.03,Completed,800.8311
4663,18,2024-11-11,Corolla,22191.85,,Pending,0.0
4664,2,2024-11-04,RAV4,33887.8,0.03,Completed,1016.634
4665,3,2024-11-28,Highlander,36192.19,0.05,Completed,1809.6095000000003
4666,2,2024-11-02,RAV4,32517.97,0.02,Completed,650.3594
4667,7,2024-11-01,Tundra,39290.43,0.02,Completed,785.8086000000001
4668,4,2024-11-17,Corolla,20106.29,0.03,Completed,603.1887
4669,3,2024-11-24,RAV4,30742.34,0.02,Completed,614.8468
4670,4,2024-11-21,Tundra,42312.89,,Pending,0.0
4671,9,2024-11-21,Corolla,22628.33,0.03,Completed,678.8499
4672,17,2024-11-15,RAV4,28207.78,0.05,Pending,1410.3890000000001
4673,1,2024-11-23,Highlander,44700.12,,Completed,0.0
4674,14,2024-11-10,Tundra,41114.26,,Cancelled,0.0
4675,11,2024-11-19,Corolla,23767.86,0.03,Completed,713.0358
4676,9,2024-11-30,Camry,25279.13,0.05,Completed,1263.9565000000002
4677,10,2024-11-23,Camry,28487.93,,Completed,0.0
4678,11,2024-11-14,RAV4,34470.79,0.02,Completed,689.4158
4679,4,2024-11-06,Highlander,38513.92,0.03,Completed,1155.4176
4680,1,2024-11-06,Corolla,24643.57,0.03,Pending,739.3071
4681,10,2024-11-16,Tundra,47884.75,0.03,Pending,1436.5425
4682,17,2024-11-24,Camry,25351.92,,Completed,0.0
4683,9,2024-11-07,Tacoma,33938.83,0.03,Completed,1018.1649
4684,4,2024-11-27,Tundra,40828.99,,Completed,0.0
4685,18,2024-11-07,RAV4,27963.16,0.02,Completed,559.2632
4686,8,2024-11-12,Tacoma,37759.68,0.05,Completed,1887.9840000000002
4687,5,2024-11-17,Camry,27394.33,,Completed,0.0
4688,11,2024-11-24,Corolla,24000.47,,Completed,0.0
4689,10,2024-11-08,Camry,26523.57,0.05,Completed,1326.1785
4690,9,2024-11-11,Corolla,21984.65,0.05,Completed,1099.2325
4691,14,2024-11-12,Camry,29884.16,0.05,Pending,1494.208
4692,6,2024-11-15,Tacoma,31212.44,0.02,Completed,624.2488
4693,11,2024-11-05,Camry,28218.27,0.05,Completed,1410.9135
4694,13,2024-11-07,Highlander,44287.11,0.03,Completed,1328.6133
4695,10,2024-11-03,Highlander,36152.6,0.05,Completed,1807.63
4696,4,2024-11-01,RAV4,28731.7,0.03,Pending,861.951
4697,19,2024-11-04,Tacoma,38910.01,0.02,Completed,778.2002000000001
4698,20,2024-11-06,Corolla,21199.01,0.02,Completed,423.98019999999997
4699,14,2024-11-08,Tundra,36734.63,0.03,Completed,1102.0388999999998
4700,20,2024-11-06,Highlander,41111.97,0.03,Completed,1233.3591
4701,14,2024-11-12,Highlander,43075.66,0.05,Completed,2153.7830000000004
4702,1,2024-11-25,Tundra,45734.14,0.02,Completed,914.6828
4703,16,2024-11-17,Tundra,44603.23,0.03,Pending,1338.0969
4704,1,2024-11-09,Tacoma,33506.51,,Pending,0.0
4705,1,2024-11-21,Tacoma,38937.12,0.05,Completed,1946.8560000000002
4706,2,2024-11-01,RAV4,27797.86,,Pending,0.0
4707,13,2024-11-02,RAV4,34534.3,0.02,Completed,690.686
4708,16,2024-11-23,Tacoma,30438.59,0.05,Completed,1521.9295000000002
4709,18,2024-11-30,RAV4,32612.7,0.05,Pending,1630.6350000000002
4710,20,2024-11-19,Tacoma,33219.12,0.05,Completed,1660.9560000000001
4711,19,2024-11-14,Camry,29814.31,,Completed,0.0
4712,2,2024-11-14,Tacoma,31792.13,0.02,Completed,635.8426000000001
4713,4,2024-11-06,Highlander,44201.3,,Pending,0.0
4714,13,2024-11-14,RAV4,30839.62,0.03,Pending,925.1886
4715,18,2024-11-19,Tacoma,36212.54,0.03,Completed,1086.3762
4716,20,2024-11-07,Tacoma,36947.15,,Completed,0.0
4717,2,2024-11-16,Corolla,23593.47,0.05,Cancelled,1179.6735
4718,2,2024-11-27,Tacoma,33786.37,0.05,Completed,1689.3185000000003
4719,17,2024-11-10,Highlander,36640.85,0.02,Completed,732.817
4720,14,2024-11-07,Tacoma,37949.66,,Completed,0.0
4721,10,2024-11-11,Corolla,21988.73,0.05,Completed,1099.4365
4722,18,2024-11-26,Tacoma,31255.99,0.03,Completed,937.6797
4723,16,2024-11-09,Tundra,48796.14,,Completed,0.0
4724,10,2024-11-27,Tacoma,36171.36,0.05,Cancelled,1808.5680000000002
4725,10,2024-11-26,Tundra,42681.63,0.05,Completed,2134.0815
4726,17,2024-11-28,Corolla,24013.85,0.05,Pending,1200.6924999999999
4727,11,2024-11-27,Tundra,43620.7,0.03,Cancelled,1308.6209999999999
4728,7,2024-11-20,Camry,26991.62,,Pending,0.0
4729,5,2024-11-08,Tundra,38152.73,,Completed,0.0
4730,6,2024-11-21,Highlander,39796.62,,Cancelled,0.0
4731,19,2024-11-18,Corolla,22974.36,0.03,Cancelled,689.2308
4732,13,2024-11-26,Tacoma,32829.78,0.05,Completed,1641.489
4733,3,2024-11-02,Tacoma,36314.11,0.03,Completed,1089.4233
4734,14,2024-11-02,Highlander,35813.93,0.05,Completed,1790.6965
4735,18,2024-11-26,Camry,29257.09,0.03,Completed,877.7126999999999
4736,11,2024-11-30,RAV4,31519.06,0.05,Pending,1575.9530000000002
4737,20,2024-11-06,Tundra,38039.03,0.03,Pending,1141.1708999999998
4738,12,2024-11-20,Corolla,21806.96,0.05,Pending,1090.348
4739,12,2024-11-15,Tacoma,37182.96,0.02,Pending,743.6591999999999
4740,2,2024-11-27,Tacoma,33176.8,0.02,Completed,663.5360000000001
4741,8,2024-11-28,Tundra,39675.54,0.02,Cancelled,793.5108
4742,14,2024-11-16,Highlander,44283.31,0.02,Completed,885.6662
4743,9,2024-11-12,Corolla,23323.01,0.03,Completed,699.6903
4744,17,2024-11-13,Tacoma,38249.17,0.03,Completed,1147.4750999999999
4745,11,2024-11-29,Tacoma,38701.6,,Pending,0.0
4746,3,2024-11-27,Tacoma,34422.14,0.05,Cancelled,1721.107
4747,19,2024-11-30,Camry,25927.39,0.05,Completed,1296.3695
4748,14,2024-11-28,Highlander,41562.0,,Completed,0.0
4749,10,2024-11-30,Tacoma,36242.95,,Pending,0.0
4750,14,2024-11-25,Tacoma,34819.58,0.03,Cancelled,1044.5874000000001
4751,7,2024-11-26,Corolla,22880.5,,Completed,0.0
4752,7,2024-11-23,Camry,28870.88,,Completed,0.0
4753,14,2024-11-18,Tundra,44008.73,0.05,Cancelled,2200.4365000000003
4754,16,2024-11-15,Camry,26297.33,0.03,Completed,788.9199
4755,19,2024-11-30,Tacoma,36373.97,0.05,Completed,1818.6985000000002
4756,6,2024-11-23,Tacoma,34599.36,0.02,Completed,691.9872
4757,14,2024-11-15,RAV4,31100.28,,Cancelled,0.0
4758,13,2024-11-13,Highlander,35912.13,0.02,Completed,718.2425999999999
4759,9,2024-11-30,Tundra,43494.48,0.03,Completed,1304.8344
4760,19,2024-11-25,Tacoma,30336.99,0.03,Completed,910.1097
4761,9,2024-11-19,Highlander,41899.43,0.05,Completed,2094.9715
4762,7,2024-11-12,Camry,26360.09,0.05,Cancelled,1318.0045
4763,2,2024-11-03,Tacoma,38918.84,,Completed,0.0
4764,6,2024-11-07,RAV4,33220.43,0.03,Completed,996.6129
4765,14,2024-11-15,Tacoma,30636.38,0.05,Completed,1531.8190000000002
4766,10,2024-11-08,Camry,29272.81,0.03,Pending,878.1843
4767,2,2024-11-12,Highlander,36917.04,,Completed,0.0
4768,15,2024-11-09,Tundra,45534.14,0.02,Cancelled,910.6828
4769,2,2024-11-26,Corolla,21503.62,0.05,Pending,1075.181
4770,17,2024-11-09,Tundra,40825.85,0.03,Pending,1224.7755
4771,7,2024-11-15,Corolla,24145.66,,Completed,0.0
4772,15,2024-11-12,Camry,29462.56,0.05,Completed,1473.1280000000002
4773,8,2024-11-04,Tacoma,31434.24,0.05,Pending,1571.7120000000002
4774,10,2024-11-13,Corolla,22786.39,,Pending,0.0
4775,5,2024-11-09,Tacoma,34282.25,,Completed,0.0
4776,16,2024-11-13,Highlander,35026.32,0.05,Completed,1751.316
4777,10,2024-11-12,Tacoma,30966.93,0.05,Completed,1548.3465
4778,12,2024-11-05,Tundra,39543.37,0.03,Cancelled,1186.3011000000001
4779,9,2024-11-03,Camry,25310.86,,Completed,0.0
4780,14,2024-11-11,Corolla,22484.42,0.05,Completed,1124.221
4781,1,2024-11-24,Tacoma,32279.98,,Completed,0.0
4782,16,2024-11-03,RAV4,31596.77,,Completed,0.0
4783,14,2024-11-28,Camry,25711.21,0.03,Pending,771.3362999999999
4784,13,2024-11-28,Corolla,24880.49,,Completed,0.0
4785,18,2024-11-16,RAV4,31894.37,,Completed,0.0
4786,3,2024-11-20,Highlander,42687.67,0.03,Completed,1280.6300999999999
4787,10,2024-11-11,Highlander,36406.7,0.02,Completed,728.1339999999999
4788,12,2024-11-09,RAV4,29428.19,0.02,Completed,588.5638
4789,16,2024-11-20,Camry,25485.42,0.03,Completed,764.5626
4790,20,2024-11-14,Tacoma,35696.49,0.02,Completed,713.9298
4791,1,2024-11-11,RAV4,32465.66,,Completed,0.0
4792,20,2024-11-21,RAV4,34808.33,0.03,Completed,1044.2499
4793,18,2024-11-05,Highlander,43155.01,0.05,Completed,2157.7505
4794,16,2024-11-20,Tundra,39151.39,,Completed,0.0
4795,7,2024-11-09,Corolla,23560.92,0.02,Completed,471.2184
4796,11,2024-11-12,RAV4,34869.49,0.05,Completed,1743.4745
4797,12,2024-11-28,Tacoma,32135.88,0.05,Completed,1606.794
4798,2,2024-11-10,Highlander,37065.62,0.02,Completed,741.3124
4799,14,2024-11-15,RAV4,27168.44,0.05,Cancelled,1358.422
4800,19,2024-11-06,Highlander,35436.11,0.03,Completed,1063.0833
4801,12,2024-11-03,Corolla,20975.59,0.02,Cancelled,419.5118
4802,18,2024-11-03,Camry,25017.59,0.05,Completed,1250.8795
4803,15,2024-11-17,Corolla,24494.69,0.05,Completed,1224.7345
4804,18,2024-11-12,Camry,26476.83,,Pending,0.0
4805,19,2024-11-25,Tacoma,33091.79,0.03,Completed,992.7537
4806,17,2024-11-12,Tundra,36282.25,0.03,Completed,1088.4675
4807,7,2024-11-05,Corolla,20301.19,,Pending,0.0
4808,4,2024-11-17,Tacoma,32767.32,0.03,Completed,983.0196
4809,9,2024-11-18,RAV4,30495.23,,Completed,0.0
4810,6,2024-11-15,RAV4,32004.21,0.05,Completed,1600.2105000000001
4811,17,2024-11-14,Highlander,38234.07,,Completed,0.0
4812,1,2024-11-02,Tacoma,33791.11,0.02,Completed,675.8222000000001
4813,1,2024-11-27,Corolla,24016.29,0.05,Pending,1200.8145000000002
4814,1,2024-11-03,Tundra,42415.42,0.05,Completed,2120.771
4815,4,2024-11-02,Camry,25556.81,0.02,Completed,511.13620000000003
4816,7,2024-11-03,Tacoma,34457.87,0.03,Completed,1033.7361
4817,6,2024-11-01,RAV4,30824.66,0.02,Completed,616.4932
4818,17,2024-11-17,Tacoma,35929.61,0.02,Completed,718.5922
4819,7,2024-11-02,Tundra,40163.82,0.05,Pending,2008.191
4820,18,2024-11-19,RAV4,32500.13,,Pending,0.0
4821,6,2024-11-24,Highlander,44587.61,0.05,Completed,2229.3805
4822,17,2024-11-18,Camry,25232.8,0.02,Completed,504.656
4823,5,2024-11-23,Tacoma,31651.09,0.05,Completed,1582.5545000000002
4824,13,2024-11-15,RAV4,33044.22,0.02,Completed,660.8844
4825,16,2024-11-14,RAV4,29406.12,0.02,Completed,588.1224
4826,8,2024-11-26,Corolla,24261.37,0.03,Cancelled,727.8411
4827,16,2024-11-22,Tacoma,37106.6,0.05,Cancelled,1855.33
4828,9,2024-11-15,Camry,26243.63,0.03,Completed,787.3089
4829,16,2024-11-22,Corolla,22111.91,0.05,Pending,1105.5955000000001
4830,18,2024-11-17,Camry,27748.33,0.05,Completed,1387.4165000000003
4831,11,2024-11-15,RAV4,29956.31,0.02,Completed,599.1262
4832,12,2024-11-05,Corolla,23054.67,,Cancelled,0.0
4833,1,2024-11-01,Camry,25934.14,0.02,Pending,518.6828
4834,7,2024-11-30,Tundra,45394.95,0.05,Completed,2269.7475
4835,9,2024-11-05,Camry,27147.51,,Pending,0.0
4836,1,2024-11-27,Tacoma,35043.25,,Completed,0.0
4837,7,2024-11-29,Corolla,23014.71,0.03,Completed,690.4413
4838,19,2024-11-18,Corolla,21483.49,0.05,Completed,1074.1745
4839,11,2024-11-21,Tundra,37212.59,0.05,Completed,1860.6295
4840,13,2024-11-03,Camry,26898.36,0.05,Completed,1344.9180000000001
4841,8,2024-11-26,Camry,28551.03,0.03,Completed,856.5309
4842,10,2024-11-12,Tundra,48029.34,0.02,Completed,960.5867999999999
4843,16,2024-11-18,Tundra,44234.04,0.05,Completed,2211.702
4844,18,2024-11-03,Tacoma,34229.18,0.02,Completed,684.5836
4845,7,2024-11-09,Camry,25703.69,0.02,Completed,514.0738
4846,5,2024-11-02,Highlander,41840.09,0.02,Cancelled,836.8018
4847,15,2024-11-26,Camry,26665.58,0.02,Completed,533.3116
4848,14,2024-11-12,Highlander,39714.49,,Completed,0.0
4849,11,2024-11-01,Tundra,37896.11,,Completed,0.0
4850,5,2024-11-02,Camry,25521.89,,Completed,0.0
4851,12,2024-11-16,Tacoma,39742.16,0.03,Completed,1192.2648000000002
4852,18,2024-11-22,Tacoma,32451.38,0.03,Pending,973.5414
4853,5,2024-11-11,Highlander,41901.02,0.05,Completed,2095.051
4854,15,2024-11-12,Tacoma,39841.94,0.02,Completed,796.8388000000001
4855,12,2024-11-16,Tacoma,31907.38,0.05,Completed,1595.3690000000001
4856,6,2024-11-06,Tundra,41694.7,,Cancelled,0.0
4857,9,2024-11-03,Tundra,47293.05,0.05,Completed,2364.6525
4858,16,2024-11-08,Highlander,36114.38,,Completed,0.0
4859,17,2024-11-20,Tundra,46291.09,0.02,Completed,925.8217999999999
4860,3,2024-11-13,Camry,27340.62,0.03,Completed,820.2185999999999
4861,13,2024-11-04,Corolla,22123.43,0.03,Completed,663.7029
4862,9,2024-11-08,Corolla,24785.9,0.03,Pending,743.577
4863,11,2024-11-05,Highlander,35122.15,0.02,Completed,702.4430000000001
4864,2,2024-11-08,Tundra,40478.69,,Completed,0.0
4865,17,2024-11-24,Tacoma,36557.33,0.03,Completed,1096.7199
4866,20,2024-11-06,Tacoma,34638.81,0.03,Completed,1039.1643
4867,11,2024-11-14,Tacoma,34546.0,,Pending,0.0
4868,3,2024-11-13,Corolla,22674.78,,Completed,0.0
4869,17,2024-11-07,Corolla,23212.69,0.02,Completed,464.25379999999996
4870,19,2024-11-16,Tacoma,39604.43,0.03,Pending,1188.1329
4871,9,2024-11-24,Tundra,39234.93,0.02,Pending,784.6986
4872,2,2024-11-03,Tundra,35462.22,0.05,Cancelled,1773.111
4873,7,2024-11-30,Corolla,20487.45,,Completed,0.0
4874,12,2024-11-24,Tacoma,32186.99,0.02,Pending,643.7398000000001
4875,20,2024-11-18,Tacoma,33084.66,,Completed,0.0
4876,11,2024-11-28,Camry,25377.72,0.05,Pending,1268.8860000000002
4877,13,2024-11-25,Corolla,24182.86,,Completed,0.0
4878,20,2024-11-24,Tundra,42306.67,0.03,Completed,1269.2000999999998
4879,9,2024-11-17,Camry,25075.51,0.02,Completed,501.5102
4880,15,2024-11-12,Tundra,35871.38,0.03,Completed,1076.1414
4881,15,2024-11-01,Corolla,23885.49,0.02,Completed,477.70980000000003
4882,17,2024-11-04,Tacoma,35359.66,0.05,Completed,1767.9830000000002
4883,12,2024-11-24,Camry,26173.95,0.02,Completed,523.479
4884,11,2024-11-09,Camry,26410.06,0.03,Completed,792.3018
4885,1,2024-11-12,Tacoma,31874.08,0.03,Pending,956.2224
4886,1,2024-11-09,Camry,27318.58,0.05,Completed,1365.929
4887,7,2024-11-01,Tacoma,31914.58,0.02,Completed,638.2916
4888,9,2024-11-17,Tundra,47406.18,,Cancelled,0.0
4889,8,2024-11-23,RAV4,33123.06,0.05,Pending,1656.153
4890,5,2024-11-21,Tundra,42741.57,,Completed,0.0
4891,16,2024-11-18,Tacoma,36990.3,0.05,Completed,1849.5150000000003
4892,4,2024-11-29,Highlander,43034.21,0.05,Completed,2151.7105
4893,3,2024-11-12,RAV4,29821.93,0.05,Cancelled,1491.0965
4894,11,2024-11-27,RAV4,31716.33,0.05,Completed,1585.8165000000001
4895,7,2024-11-17,Camry,29589.47,0.02,Completed,591.7894
4896,15,2024-11-21,Tacoma,35235.06,0.03,Cancelled,1057.0518
4897,8,2024-11-22,RAV4,27800.64,0.02,Completed,556.0128
4898,12,2024-11-22,Highlander,44761.89,0.03,Pending,1342.8567
4899,8,2024-11-12,Camry,29145.46,,Completed,0.0
4900,3,2024-11-12,Tundra,49672.76,0.03,Completed,1490.1828
4901,15,2024-11-25,Tundra,37784.1,,Completed,0.0
4902,9,2024-11-26,Camry,26617.98,0.02,Completed,532.3596
4903,7,2024-11-13,RAV4,34532.63,0.05,Completed,1726.6315
4904,1,2024-11-12,Camry,27049.03,0.03,Completed,811.4708999999999
4905,10,2024-11-01,Highlander,37559.62,0.03,Completed,1126.7886
4906,12,2024-11-03,RAV4,27776.97,0.05,Completed,1388.8485
4907,10,2024-11-29,Tundra,46123.49,,Completed,0.0
4908,3,2024-11-28,Tacoma,33632.41,0.03,Completed,1008.9723
4909,17,2024-11-05,Tacoma,30310.04,0.05,Pending,1515.5020000000002
4910,11,2024-11-08,Tundra,36484.79,,Completed,0.0
4911,6,2024-11-23,Corolla,20004.62,0.03,Completed,600.1386
4912,11,2024-11-22,Highlander,37376.56,0.05,Pending,1868.828
4913,9,2024-11-03,RAV4,28156.84,0.03,Completed,844.7052
4914,7,2024-11-12,Camry,26841.29,0.05,Pending,1342.0645000000002
4915,12,2024-11-13,Camry,29039.29,0.03,Pending,871.1787
4916,16,2024-11-28,RAV4,34774.36,0.05,Pending,1738.718
4917,3,2024-11-15,Tundra,40687.32,0.03,Completed,1220.6196
4918,19,2024-11-19,Highlander,36173.97,0.05,Cancelled,1808.6985000000002
4919,10,2024-11-12,Tacoma,35482.28,0.02,Completed,709.6456
4920,8,2024-11-21,Tacoma,39821.4,0.05,Completed,1991.0700000000002
4921,17,2024-11-18,Highlander,35821.08,,Completed,0.0
4922,3,2024-11-15,Tundra,49702.03,,Completed,0.0
4923,15,2024-11-10,RAV4,33286.39,0.02,Cancelled,665.7278
4924,10,2024-11-28,Tacoma,39880.93,,Completed,0.0
4925,19,2024-11-25,Camry,29548.6,,Pending,0.0
4926,8,2024-11-16,Highlander,39606.12,0.03,Completed,1188.1836
4927,7,2024-11-16,Tacoma,35632.33,,Completed,0.0
4928,9,2024-11-10,Tundra,37635.12,0.03,Completed,1129.0536
4929,18,2024-11-25,Tacoma,35219.56,0.03,Pending,1056.5867999999998
4930,15,2024-11-06,Highlander,39793.3,0.03,Completed,1193.799
4931,9,2024-11-18,Tundra,35789.46,0.03,Completed,1073.6838
4932,8,2024-11-21,Highlander,35182.3,0.05,Completed,1759.1150000000002
4933,7,2024-11-07,Tundra,41397.35,0.03,Completed,1241.9205
4934,12,2024-11-07,Tundra,36628.27,0.03,Pending,1098.8481
4935,19,2024-11-24,Highlander,43071.98,0.03,Completed,1292.1594
4936,20,2024-11-03,RAV4,31298.65,0.02,Completed,625.9730000000001
4937,18,2024-11-12,Tundra,41901.33,0.05,Completed,2095.0665000000004
4938,19,2024-11-27,Corolla,21061.05,0.02,Completed,421.221
4939,5,2024-11-13,RAV4,32337.52,,Pending,0.0
4940,13,2024-11-10,RAV4,33373.11,0.03,Completed,1001.1933
4941,11,2024-11-23,Camry,29881.39,,Cancelled,0.0
4942,10,2024-11-16,Highlander,43869.42,0.05,Pending,2193.471
4943,12,2024-11-08,Tacoma,30322.59,,Completed,0.0
4944,9,2024-11-08,Tundra,41129.79,0.03,Completed,1233.8937
4945,3,2024-11-17,Tacoma,32686.61,0.02,Completed,653.7322
4946,6,2024-11-04,Camry,28265.33,,Completed,0.0
4947,5,2024-11-15,Camry,25006.17,0.05,Cancelled,1250.3085
4948,19,2024-11-11,Camry,28587.0,0.02,Pending,571.74
4949,1,2024-11-07,Tundra,43118.66,0.05,Completed,2155.9330000000004
4950,10,2024-11-01,Tacoma,31505.82,0.02,Completed,630.1164
4951,20,2024-11-16,Camry,25686.3,,Completed,0.0
4952,14,2024-11-26,RAV4,29276.18,0.05,Completed,1463.8090000000002
4953,5,2024-11-07,Corolla,21301.95,0.05,Pending,1065.0975
4954,10,2024-11-07,RAV4,30894.22,0.02,Completed,617.8844
4955,13,2024-11-13,Tacoma,35870.14,0.03,Completed,1076.1042
4956,17,2024-11-06,Corolla,20305.51,,Completed,0.0
4957,6,2024-11-24,Camry,26444.97,,Completed,0.0
4958,20,2024-11-08,Camry,26830.46,0.03,Completed,804.9137999999999
4959,6,2024-11-02,Corolla,22901.55,0.03,Completed,687.0464999999999
4960,7,2024-11-03,Camry,29600.45,,Pending,0.0
4961,9,2024-11-03,Tacoma,38808.79,,Completed,0.0
4962,8,2024-11-24,Tundra,40757.21,0.02,Completed,815.1442
4963,17,2024-11-27,Camry,27412.02,0.05,Pending,1370.601
4964,17,2024-11-07,Tundra,47063.67,,Pending,0.0
4965,3,2024-11-30,Tundra,48043.57,,Completed,0.0
4966,15,2024-11-27,Tundra,44411.11,,Completed,0.0
4967,6,2024-11-06,Corolla,20801.57,0.05,Pending,1040.0785
4968,12,2024-11-14,RAV4,32327.35,,Cancelled,0.0
4969,9,2024-11-11,Highlander,38811.66,,Completed,0.0
4970,14,2024-11-05,Tundra,47588.26,0.03,Completed,1427.6478
4971,14,2024-11-22,Corolla,21748.47,0.02,Pending,434.9694
4972,16,2024-11-22,RAV4,31604.19,0.02,Completed,632.0838
4973,20,2024-11-12,Highlander,35293.57,0.05,Completed,1764.6785
4974,6,2024-11-07,Camry,25577.8,,Completed,0.0
4975,10,2024-11-29,Corolla,23921.43,0.02,Completed,478.4286
4976,9,2024-11-02,Tacoma,34325.27,,Completed,0.0
4977,1,2024-11-09,Tacoma,35517.42,0.02,Completed,710.3484
4978,13,2024-11-14,Camry,28735.28,0.03,Pending,862.0583999999999
4979,16,2024-11-30,RAV4,27354.58,0.05,Completed,1367.7290000000003
4980,12,2024-11-21,RAV4,30446.63,0.02,Completed,608.9326
4981,19,2024-11-01,RAV4,30452.77,0.05,Completed,1522.6385
4982,5,2024-11-23,RAV4,28814.07,0.02,Completed,576.2814
4983,5,2024-11-23,Highlander,38994.87,,Completed,0.0
4984,8,2024-11-04,Tacoma,30443.79,,Pending,0.0
4985,18,2024-11-16,Tacoma,30480.15,,Completed,0.0
4986,12,2024-11-30,Tacoma,30057.42,0.02,Completed,601.1483999999999
4987,5,2024-11-23,Corolla,22770.47,0.02,Completed,455.4094
4988,3,2024-11-15,Tundra,42377.91,,Pending,0.0
4989,20,2024-11-04,RAV4,31543.36,0.02,Completed,630.8672
4990,10,2024-11-15,Tundra,38116.14,0.02,Completed,762.3228
4991,20,2024-11-17,Highlander,36500.6,,Completed,0.0
4992,6,2024-11-03,Camry,27247.36,0.03,Completed,817.4208
4993,10,2024-11-26,Tundra,47497.87,0.02,Completed,949.9574000000001
4994,4,2024-11-07,Camry,26498.13,0.05,Completed,1324.9065
4995,12,2024-11-01,Tundra,41202.36,0.02,Pending,824.0472
4996,1,2024-11-06,Corolla,21484.83,0.05,Completed,1074.2415
4997,8,2024-11-11,Camry,26519.24,0.05,Pending,1325.9620000000002
4998,18,2024-11-06,Tacoma,30780.39,0.02,Completed,615.6078
4999,10,2024-11-21,Corolla,22654.59,,Completed,0.0
5000,13,2024-11-21,Tundra,44525.85,,Cancelled,0.0
